date,open_price,high_price,low_price,close_price,daily_volume
5/10/2019,42.00 ,45.00 ,41.06 ,41.57 ,186322500
5/13/2019,38.79 ,39.24 ,36.08 ,37.10 ,79442400
5/14/2019,38.31 ,39.96 ,36.85 ,39.96 ,46661100
5/15/2019,39.37 ,41.88 ,38.95 ,41.29 ,36086100
5/16/2019,41.48 ,44.06 ,41.25 ,43.00 ,38115500
5/17/2019,41.98 ,43.29 ,41.27 ,41.91 ,20225700
5/20/2019,41.19 ,41.68 ,39.46 ,41.59 ,29222300
5/21/2019,42.00 ,42.24 ,41.25 ,41.50 ,10802900
5/22/2019,41.05 ,41.28 ,40.50 ,41.25 ,9089500
5/23/2019,40.80 ,41.09 ,40.02 ,40.47 ,11119900
5/24/2019,41.28 ,41.51 ,40.50 ,41.51 ,8786800
5/28/2019,41.70 ,41.80 ,40.60 ,40.95 ,13391600
5/29/2019,40.52 ,40.71 ,39.15 ,39.94 ,14060400
5/30/2019,40.07 ,40.38 ,39.50 ,39.80 ,26451900
5/31/2019,41.15 ,41.57 ,39.41 ,40.41 ,23209800
6/3/2019,40.74 ,41.85 ,40.24 ,41.25 ,16605300
6/4/2019,42.56 ,42.88 ,40.70 ,42.75 ,23432100
6/5/2019,42.87 ,45.66 ,42.50 ,45.00 ,28609600
6/6/2019,45.00 ,45.75 ,44.28 ,44.92 ,16403700
6/7/2019,44.92 ,45.67 ,44.13 ,44.16 ,12654700
6/10/2019,44.02 ,44.59 ,42.53 ,42.61 ,11618700
6/11/2019,43.22 ,43.65 ,41.80 ,42.45 ,9095000
6/12/2019,42.52 ,42.65 ,41.71 ,42.17 ,5965300
6/13/2019,43.05 ,44.35 ,42.80 ,44.31 ,10178900
6/14/2019,44.75 ,44.80 ,43.11 ,43.23 ,7902200
6/17/2019,43.28 ,44.08 ,42.93 ,43.78 ,6557600
6/18/2019,44.30 ,44.89 ,43.75 ,43.86 ,7313600
6/19/2019,44.46 ,45.50 ,43.95 ,44.86 ,10331500
6/20/2019,45.03 ,45.29 ,43.51 ,43.86 ,9567400
6/21/2019,43.85 ,44.14 ,43.38 ,44.00 ,4974000
6/24/2019,44.00 ,44.07 ,42.82 ,43.09 ,5985100
6/25/2019,43.28 ,43.79 ,42.44 ,43.09 ,5753300
6/26/2019,43.25 ,43.40 ,42.36 ,42.50 ,8109100
6/27/2019,43.35 ,45.30 ,43.20 ,45.13 ,20155100
6/28/2019,45.10 ,47.08 ,45.08 ,46.38 ,28657000
7/1/2019,46.98 ,47.04 ,44.06 ,44.27 ,17660500
7/2/2019,44.55 ,44.68 ,43.75 ,44.00 ,11881300
7/3/2019,44.00 ,44.46 ,43.79 ,44.23 ,3380000
7/5/2019,44.31 ,44.55 ,43.01 ,43.53 ,8239500
7/8/2019,43.59 ,43.85 ,42.75 ,42.95 ,9304100
7/9/2019,43.18 ,44.23 ,42.98 ,44.20 ,5251600
7/10/2019,44.48 ,44.80 ,43.56 ,43.70 ,9746500
7/11/2019,44.10 ,44.29 ,43.31 ,43.99 ,8050900
7/12/2019,44.16 ,44.24 ,43.39 ,43.99 ,8760500
7/15/2019,44.20 ,44.70 ,43.97 ,44.53 ,5811200
7/16/2019,44.60 ,44.98 ,44.02 ,44.13 ,5613300
7/17/2019,44.06 ,44.35 ,43.52 ,43.62 ,5854100
7/18/2019,43.50 ,43.85 ,43.19 ,43.71 ,4078700
7/19/2019,43.90 ,44.09 ,43.16 ,43.18 ,4021000
7/22/2019,43.25 ,43.72 ,43.01 ,43.69 ,3815300
7/23/2019,43.75 ,44.31 ,43.11 ,43.36 ,5110100
7/24/2019,43.36 ,43.87 ,43.36 ,43.76 ,3775700
7/25/2019,43.72 ,43.96 ,43.21 ,43.40 ,4412000
7/26/2019,43.42 ,44.96 ,43.39 ,44.52 ,7598800
7/29/2019,45.00 ,45.63 ,43.12 ,43.88 ,8652200
7/30/2019,43.71 ,43.74 ,42.49 ,42.59 ,7686300
7/31/2019,42.60 ,42.98 ,41.84 ,42.14 ,5970800
8/1/2019,42.14 ,42.54 ,41.00 ,41.31 ,7349700
8/2/2019,41.03 ,41.06 ,39.95 ,40.40 ,8225700
8/5/2019,39.35 ,39.42 ,38.43 ,39.05 ,9799300
8/6/2019,39.68 ,40.81 ,38.36 ,39.15 ,8570300
8/7/2019,39.06 ,39.99 ,38.32 ,39.70 ,8896000
8/8/2019,41.98 ,43.00 ,41.25 ,42.97 ,29610500
8/9/2019,39.56 ,40.68 ,38.71 ,40.05 ,35138800
8/12/2019,39.83 ,39.95 ,37.00 ,37.00 ,21231300
8/13/2019,37.00 ,37.46 ,36.12 ,36.45 ,18990600
8/14/2019,36.00 ,36.30 ,33.36 ,33.96 ,24481600
8/15/2019,34.52 ,34.55 ,32.92 ,33.22 ,13265800
8/16/2019,33.46 ,35.48 ,33.40 ,35.23 ,13883200
8/19/2019,35.53 ,35.80 ,34.37 ,34.61 ,10853100
8/20/2019,34.48 ,36.07 ,34.39 ,35.29 ,10760700
8/21/2019,35.50 ,35.83 ,34.75 ,34.91 ,7923000
8/22/2019,34.80 ,34.91 ,33.52 ,34.00 ,8513300
8/23/2019,33.65 ,34.23 ,33.12 ,33.43 ,8160600
8/26/2019,33.67 ,33.83 ,33.06 ,33.31 ,5662500
8/27/2019,33.69 ,34.24 ,32.98 ,33.11 ,6574800
8/28/2019,32.56 ,33.05 ,32.26 ,32.59 ,6245500
8/29/2019,32.90 ,33.30 ,32.60 ,32.76 ,5772200
8/30/2019,33.00 ,33.13 ,32.04 ,32.57 ,6628700
9/3/2019,32.10 ,32.53 ,30.67 ,30.70 ,12154000
9/4/2019,30.91 ,32.36 ,30.85 ,31.99 ,10357600
9/5/2019,32.33 ,33.03 ,32.25 ,32.51 ,7933300
9/6/2019,32.71 ,32.74 ,31.41 ,31.86 ,7036000
9/9/2019,32.05 ,32.39 ,31.46 ,32.24 ,7448400
9/10/2019,32.00 ,33.74 ,31.65 ,33.51 ,10817100
9/11/2019,33.38 ,35.14 ,33.02 ,34.00 ,14715800
9/12/2019,34.14 ,34.49 ,33.33 ,34.07 ,7734800
9/13/2019,34.25 ,34.44 ,32.94 ,33.25 ,9428600
9/16/2019,33.60 ,34.80 ,33.47 ,34.43 ,7942600
9/17/2019,34.75 ,34.75 ,33.55 ,34.29 ,5561300
9/18/2019,34.35 ,34.89 ,33.75 ,34.26 ,6608300
9/19/2019,34.20 ,34.64 ,33.68 ,33.82 ,6869600
9/20/2019,33.98 ,34.22 ,32.50 ,32.60 ,11935400
9/23/2019,32.52 ,33.01 ,32.06 ,33.00 ,5513000
9/24/2019,33.00 ,33.15 ,31.01 ,31.30 ,10579900
9/25/2019,31.27 ,31.72 ,30.76 ,31.68 ,7875000
9/26/2019,31.72 ,32.13 ,31.13 ,31.57 ,6058700
9/27/2019,31.71 ,31.90 ,30.13 ,30.29 ,11846700
9/30/2019,30.40 ,30.74 ,30.17 ,30.47 ,4986600
10/1/2019,30.37 ,30.51 ,28.65 ,29.15 ,13380200
10/2/2019,28.67 ,29.55 ,28.31 ,29.00 ,8782400
10/3/2019,28.97 ,29.88 ,28.52 ,29.72 ,9412000
10/4/2019,29.90 ,30.18 ,28.90 ,29.67 ,8597700
10/7/2019,30.60 ,30.75 ,29.83 ,30.37 ,10083800
10/8/2019,30.01 ,30.15 ,29.17 ,29.28 ,7769100
10/9/2019,29.62 ,29.62 ,28.81 ,29.07 ,7112900
10/10/2019,29.21 ,29.28 ,28.58 ,28.87 ,7716300
10/11/2019,28.95 ,30.40 ,28.94 ,30.13 ,10216900
10/14/2019,30.22 ,31.54 ,29.82 ,31.12 ,7945400
10/15/2019,31.20 ,32.17 ,31.20 ,32.00 ,7843800
10/16/2019,31.80 ,32.38 ,31.44 ,31.87 ,7781600
10/17/2019,31.80 ,32.93 ,31.45 ,32.62 ,7200800
10/18/2019,32.55 ,32.66 ,31.27 ,32.06 ,7844500
10/21/2019,31.95 ,32.28 ,31.18 ,31.41 ,7203400
10/22/2019,31.41 ,33.89 ,30.22 ,32.53 ,19214800
10/23/2019,32.87 ,33.27 ,32.17 ,33.05 ,6709800
10/24/2019,33.00 ,33.42 ,32.51 ,33.28 ,6729300
10/25/2019,33.20 ,33.48 ,32.61 ,32.71 ,8077300
10/28/2019,32.90 ,33.36 ,32.50 ,33.22 ,7532800
10/29/2019,32.37 ,32.92 ,31.82 ,32.42 ,9319200
10/30/2019,32.51 ,33.80 ,32.11 ,33.75 ,10732700
10/31/2019,33.23 ,33.36 ,31.26 ,31.50 ,15912400
11/1/2019,31.45 ,31.70 ,30.74 ,31.37 ,10434300
11/4/2019,31.45 ,31.75 ,30.12 ,31.08 ,28787400
11/5/2019,29.13 ,29.30 ,27.97 ,28.02 ,51963500
11/6/2019,26.06 ,27.55 ,25.58 ,26.94 ,130965700
11/7/2019,26.80 ,27.42 ,26.45 ,27.38 ,65861400
11/8/2019,27.48 ,27.62 ,26.92 ,27.01 ,44923600
11/11/2019,27.03 ,27.21 ,26.23 ,27.14 ,41138100
11/12/2019,27.38 ,27.66 ,26.66 ,26.70 ,37095400
11/13/2019,26.47 ,26.82 ,26.14 ,26.71 ,32678300
11/14/2019,26.80 ,26.86 ,25.67 ,25.99 ,27893900
11/15/2019,26.18 ,26.80 ,25.96 ,26.79 ,41236200
11/18/2019,26.80 ,27.00 ,26.30 ,26.75 ,35916100
11/19/2019,26.77 ,27.22 ,26.61 ,27.05 ,31793500
11/20/2019,27.06 ,28.40 ,26.95 ,28.03 ,52746600
11/21/2019,28.67 ,29.60 ,28.50 ,29.46 ,54551400
11/22/2019,29.84 ,30.13 ,29.21 ,29.56 ,42302900
11/25/2019,28.69 ,29.60 ,28.38 ,29.11 ,36967500
11/26/2019,29.49 ,30.15 ,29.36 ,29.53 ,28746600
11/27/2019,29.42 ,29.59 ,28.88 ,29.49 ,22421400
11/29/2019,29.41 ,29.85 ,29.25 ,29.60 ,8115100
12/2/2019,29.32 ,29.53 ,28.70 ,28.98 ,16927100
12/3/2019,28.20 ,29.33 ,28.15 ,29.02 ,25252400
12/4/2019,29.10 ,29.20 ,28.70 ,29.06 ,22517600
12/5/2019,28.94 ,28.99 ,28.18 ,28.65 ,22504300
12/6/2019,28.40 ,28.92 ,27.80 ,27.86 ,32816100
12/9/2019,27.96 ,28.36 ,27.68 ,27.68 ,20977300
12/10/2019,27.73 ,27.99 ,27.61 ,27.89 ,23602700
12/11/2019,27.99 ,28.55 ,27.85 ,28.42 ,23281700
12/12/2019,28.29 ,28.75 ,28.19 ,28.69 ,23569900
12/13/2019,28.58 ,28.84 ,28.27 ,28.49 ,25431600
12/16/2019,29.11 ,30.13 ,29.10 ,30.05 ,57382500
12/17/2019,30.37 ,30.42 ,29.53 ,29.75 ,38250700
12/18/2019,29.62 ,30.14 ,29.34 ,30.13 ,35375100
12/19/2019,29.84 ,30.17 ,29.53 ,29.99 ,33799700
12/20/2019,30.10 ,31.03 ,29.85 ,30.45 ,95455100
12/23/2019,30.49 ,30.94 ,29.83 ,30.33 ,31209100
12/24/2019,30.33 ,30.84 ,30.11 ,30.44 ,12938600
12/26/2019,30.47 ,30.79 ,30.03 ,30.67 ,22200800
12/27/2019,30.80 ,31.06 ,30.17 ,30.17 ,18462200
12/30/2019,30.13 ,30.20 ,29.35 ,29.74 ,18805900
12/31/2019,29.11 ,29.95 ,28.90 ,29.74 ,16228400
1/2/2020,29.94 ,31.00 ,29.79 ,30.99 ,20578900
1/3/2020,30.62 ,31.43 ,30.48 ,31.37 ,18822700
1/6/2020,31.01 ,32.06 ,31.00 ,31.58 ,21204700
1/7/2020,31.79 ,32.84 ,31.36 ,32.81 ,30119600
1/8/2020,32.73 ,34.52 ,32.46 ,33.93 ,43944400
1/9/2020,34.45 ,34.47 ,33.22 ,33.97 ,29385500
1/10/2020,34.08 ,34.99 ,33.83 ,34.01 ,34266400
1/13/2020,34.29 ,34.34 ,33.55 ,34.14 ,16915800
1/14/2020,34.20 ,35.02 ,33.92 ,34.84 ,26019000
1/15/2020,34.90 ,35.15 ,34.51 ,35.01 ,20762200
1/16/2020,35.03 ,35.06 ,34.18 ,34.68 ,21947800
1/17/2020,34.97 ,35.25 ,34.65 ,35.13 ,17251200
1/21/2020,35.50 ,37.80 ,35.41 ,37.60 ,48746700
1/22/2020,37.94 ,37.94 ,36.92 ,37.04 ,29765200
1/23/2020,36.97 ,37.95 ,36.72 ,37.40 ,21366000
1/24/2020,37.50 ,37.67 ,36.25 ,36.80 ,21598000
1/27/2020,35.23 ,36.65 ,34.19 ,36.30 ,18818000
1/28/2020,37.14 ,37.33 ,36.04 ,37.01 ,28974000
1/29/2020,36.98 ,37.56 ,36.80 ,36.99 ,16863000
1/30/2020,36.82 ,37.13 ,35.95 ,36.68 ,22847000
1/31/2020,37.00 ,37.04 ,35.69 ,36.29 ,21553700
2/3/2020,36.75 ,37.64 ,36.53 ,37.59 ,23494600
2/4/2020,37.87 ,38.99 ,37.26 ,38.53 ,32425900
2/5/2020,38.89 ,38.97 ,36.74 ,36.81 ,38413300
2/6/2020,37.30 ,37.39 ,36.73 ,37.09 ,52699300
2/7/2020,39.98 ,41.00 ,38.86 ,40.63 ,112325800
2/10/2020,40.65 ,41.34 ,39.96 ,40.01 ,60840800
2/11/2020,40.25 ,41.47 ,40.05 ,41.27 ,33896000
2/12/2020,41.50 ,41.86 ,41.06 ,41.25 ,26444900
2/13/2020,40.93 ,41.55 ,40.00 ,40.09 ,23850900
2/14/2020,40.02 ,40.31 ,38.70 ,39.66 ,32014200
2/18/2020,39.49 ,40.27 ,39.45 ,40.18 ,22149300
2/19/2020,40.42 ,41.23 ,40.12 ,41.05 ,23287300
2/20/2020,41.00 ,41.19 ,39.85 ,40.92 ,25446400
2/21/2020,40.89 ,40.89 ,40.05 ,40.72 ,20595500
2/24/2020,38.21 ,39.14 ,37.75 ,38.31 ,37123200
2/25/2020,38.90 ,39.15 ,35.50 ,35.89 ,49281600
2/26/2020,35.53 ,36.17 ,33.89 ,34.45 ,44051400
2/27/2020,32.03 ,34.16 ,30.67 ,32.45 ,66557200
2/28/2020,31.81 ,34.29 ,31.00 ,33.87 ,52049300
3/2/2020,34.05 ,34.08 ,31.74 ,32.85 ,46662000
3/3/2020,34.02 ,34.18 ,31.90 ,33.04 ,35182400
3/4/2020,33.93 ,35.34 ,32.28 ,34.53 ,44738600
3/5/2020,33.47 ,33.57 ,31.97 ,32.21 ,32764500
3/6/2020,31.23 ,32.41 ,30.45 ,31.68 ,34808700
3/9/2020,28.50 ,30.32 ,28.15 ,28.17 ,37439200
3/10/2020,29.47 ,29.86 ,27.00 ,28.97 ,36308300
3/11/2020,27.91 ,28.14 ,25.61 ,26.24 ,43067800
3/12/2020,23.26 ,24.69 ,22.11 ,22.61 ,54042000
3/13/2020,24.01 ,24.81 ,21.13 ,22.60 ,53844400
3/16/2020,20.15 ,21.49 ,19.10 ,20.29 ,56914000
3/17/2020,20.18 ,20.31 ,18.01 ,18.91 ,60003900
3/18/2020,17.76 ,17.80 ,13.71 ,14.82 ,78286200
3/19/2020,15.96 ,21.26 ,15.70 ,20.49 ,83988700
3/20/2020,22.53 ,23.89 ,20.61 ,21.33 ,76529700
3/23/2020,21.07 ,22.73 ,19.73 ,22.40 ,47787100
3/24/2020,24.41 ,26.84 ,23.59 ,26.39 ,58505000
3/25/2020,26.18 ,28.45 ,25.31 ,26.19 ,52473900
3/26/2020,26.60 ,28.44 ,25.78 ,28.12 ,41336400
3/27/2020,25.82 ,28.03 ,25.07 ,27.28 ,40292200
3/30/2020,26.33 ,28.39 ,25.31 ,27.83 ,37725700
3/31/2020,27.75 ,28.25 ,26.92 ,27.92 ,43126400
4/1/2020,26.50 ,26.77 ,24.81 ,25.42 ,38538400
4/2/2020,25.01 ,25.20 ,23.00 ,23.68 ,35838200
4/3/2020,23.73 ,23.79 ,21.67 ,22.82 ,40572000
4/6/2020,24.13 ,26.09 ,23.93 ,25.99 ,34692600
4/7/2020,27.95 ,28.11 ,25.50 ,25.74 ,36433800
4/8/2020,26.00 ,27.88 ,25.79 ,26.94 ,36166900
4/9/2020,27.88 ,28.89 ,26.46 ,27.11 ,36190200
4/13/2020,27.04 ,28.08 ,26.47 ,27.99 ,24671600
4/14/2020,28.00 ,28.77 ,27.01 ,27.75 ,32625300
4/15/2020,26.82 ,27.79 ,26.44 ,27.41 ,18720900
4/16/2020,27.21 ,28.05 ,26.46 ,27.03 ,24088700
4/17/2020,28.69 ,28.79 ,27.26 ,28.00 ,34129800
4/20/2020,27.07 ,28.76 ,26.90 ,28.19 ,32224000
4/21/2020,27.50 ,28.15 ,26.60 ,27.19 ,20969100
4/22/2020,27.97 ,28.56 ,27.51 ,28.24 ,21199400
4/23/2020,28.75 ,29.25 ,28.24 ,28.33 ,26992400
4/24/2020,28.51 ,29.59 ,28.14 ,29.49 ,20634900
4/27/2020,29.74 ,30.49 ,29.41 ,30.08 ,31705800
4/28/2020,31.00 ,31.83 ,29.36 ,30.12 ,27383200
4/29/2020,31.00 ,32.00 ,30.33 ,31.37 ,28288100
4/30/2020,30.50 ,31.05 ,29.75 ,30.27 ,20095400
5/1/2020,29.13 ,29.72 ,28.33 ,28.39 ,19290200
5/4/2020,27.56 ,28.07 ,26.58 ,27.42 ,23428300
5/5/2020,28.25 ,28.91 ,27.44 ,28.07 ,30725400
5/6/2020,27.50 ,28.06 ,26.81 ,27.82 ,31076500
5/7/2020,29.60 ,31.65 ,29.58 ,30.93 ,62229500
5/8/2020,32.59 ,33.30 ,31.64 ,32.79 ,69458100
5/11/2020,31.98 ,32.38 ,31.41 ,31.64 ,26439200
5/12/2020,31.42 ,34.45 ,30.41 ,32.40 ,89586000
5/13/2020,32.30 ,33.06 ,30.83 ,33.02 ,47279500
5/14/2020,32.53 ,33.04 ,31.24 ,32.79 ,32912600
5/15/2020,32.26 ,32.89 ,31.59 ,32.47 ,25950000
5/18/2020,33.70 ,36.00 ,32.99 ,33.62 ,47534600
5/19/2020,33.68 ,34.00 ,32.86 ,33.40 ,20223600
5/20/2020,34.12 ,34.77 ,33.82 ,34.48 ,21386700
5/21/2020,34.45 ,35.01 ,33.47 ,34.26 ,24075300
5/22/2020,34.15 ,34.93 ,33.57 ,34.83 ,18675700
5/26/2020,35.97 ,36.00 ,34.50 ,34.56 ,23483200
5/27/2020,34.42 ,35.00 ,33.10 ,34.88 ,27514600
5/28/2020,34.90 ,35.10 ,33.82 ,34.15 ,21951900
5/29/2020,34.18 ,36.45 ,34.00 ,36.32 ,72393800
6/1/2020,35.64 ,36.39 ,35.16 ,35.82 ,21893800
6/2/2020,36.16 ,36.42 ,35.26 ,35.81 ,19328400
6/3/2020,36.20 ,37.37 ,36.14 ,36.75 ,23051800
6/4/2020,36.42 ,37.30 ,36.28 ,36.43 ,17423600
6/5/2020,37.53 ,38.78 ,36.92 ,37.21 ,30393400
6/8/2020,37.87 ,37.90 ,36.09 ,37.08 ,30099500
6/9/2020,36.70 ,37.33 ,36.25 ,36.59 ,15127300
6/10/2020,36.69 ,36.80 ,34.26 ,34.83 ,43473700
6/11/2020,32.63 ,33.24 ,30.89 ,31.10 ,45298700
6/12/2020,32.73 ,32.74 ,31.04 ,32.24 ,27685200
6/15/2020,31.16 ,32.68 ,31.02 ,32.67 ,21350300
6/16/2020,34.00 ,34.17 ,32.43 ,33.49 ,21377100
6/17/2020,33.50 ,33.60 ,33.01 ,33.29 ,14827700
6/18/2020,33.00 ,33.44 ,32.80 ,33.40 ,15495800
6/19/2020,33.98 ,34.02 ,32.27 ,32.30 ,29426300
6/22/2020,32.43 ,32.85 ,31.43 ,32.68 ,17790300
6/23/2020,32.88 ,33.21 ,32.59 ,33.05 ,13622100
6/24/2020,32.75 ,32.93 ,30.46 ,30.46 ,29477200
6/25/2020,30.00 ,30.86 ,29.56 ,30.58 ,19142800
6/26/2020,30.44 ,30.44 ,29.21 ,29.61 ,46482300
6/29/2020,29.51 ,29.75 ,28.39 ,29.63 ,20795400
6/30/2020,30.83 ,31.25 ,30.13 ,31.08 ,21282800
7/1/2020,30.96 ,31.26 ,30.16 ,30.43 ,13611500
7/2/2020,31.02 ,31.57 ,30.51 ,30.68 ,14981100
7/6/2020,33.10 ,33.20 ,31.76 ,32.52 ,42392200
7/7/2020,32.46 ,33.56 ,32.39 ,32.82 ,34874700
7/8/2020,33.21 ,33.97 ,32.68 ,33.93 ,24602400
7/9/2020,34.24 ,34.46 ,32.26 ,33.15 ,25061800
7/10/2020,33.14 ,33.55 ,32.65 ,33.14 ,13586300
7/13/2020,33.21 ,33.60 ,31.66 ,31.72 ,19604800
7/14/2020,31.35 ,31.38 ,30.48 ,30.93 ,21781800
7/15/2020,32.10 ,32.97 ,31.68 ,32.81 ,20976500
7/16/2020,32.05 ,32.59 ,31.55 ,32.35 ,11090800
7/17/2020,32.58 ,32.82 ,31.85 ,32.55 ,13658700
7/20/2020,32.48 ,33.92 ,32.35 ,33.66 ,16213600
7/21/2020,34.16 ,34.23 ,32.53 ,32.55 ,16725100
7/22/2020,32.44 ,32.88 ,32.33 ,32.66 ,12128400
7/23/2020,32.33 ,33.02 ,31.98 ,32.17 ,12749800
7/24/2020,31.74 ,31.80 ,30.47 ,31.18 ,16896100
7/27/2020,31.21 ,31.60 ,30.75 ,30.99 ,10182300
7/28/2020,30.79 ,31.24 ,30.35 ,30.81 ,12977100
7/29/2020,30.92 ,31.26 ,30.77 ,31.02 ,8215900
7/30/2020,30.65 ,30.68 ,29.97 ,30.24 ,13062900
7/31/2020,30.40 ,30.42 ,29.79 ,30.26 ,16346800
8/3/2020,30.24 ,31.30 ,30.06 ,31.19 ,17078900
8/4/2020,31.17 ,32.85 ,31.17 ,32.68 ,21958100
8/5/2020,33.10 ,33.32 ,32.50 ,33.20 ,16987800
8/6/2020,33.27 ,34.79 ,33.21 ,34.71 ,38601500
8/7/2020,33.09 ,33.70 ,32.45 ,32.90 ,39071200
8/10/2020,33.04 ,33.18 ,31.51 ,32.27 ,21347600
8/11/2020,31.66 ,32.21 ,30.65 ,31.21 ,31569900
8/12/2020,31.46 ,32.22 ,30.69 ,30.84 ,23375900
8/13/2020,30.52 ,31.33 ,30.32 ,30.46 ,21976800
8/14/2020,30.40 ,30.49 ,29.82 ,29.99 ,17631600
8/17/2020,30.05 ,30.12 ,29.14 ,29.48 ,18544700
8/18/2020,29.50 ,30.46 ,29.41 ,30.08 ,29398200
8/19/2020,30.15 ,30.35 ,29.39 ,29.42 ,14050300
8/20/2020,29.13 ,31.70 ,28.48 ,31.41 ,56663300
8/21/2020,31.39 ,31.82 ,30.71 ,30.83 ,20217000
8/24/2020,30.97 ,31.30 ,30.37 ,31.04 ,17406200
8/25/2020,31.04 ,31.19 ,30.60 ,31.19 ,10056800
8/26/2020,31.01 ,32.71 ,30.95 ,32.30 ,20599800
8/27/2020,32.40 ,33.07 ,32.27 ,32.80 ,21306500
8/28/2020,33.00 ,33.94 ,32.82 ,33.80 ,17825600
8/31/2020,33.62 ,33.92 ,33.14 ,33.63 ,14980600
9/1/2020,33.45 ,34.51 ,33.15 ,34.30 ,16013900
9/2/2020,34.21 ,34.51 ,33.29 ,34.37 ,16552700
9/3/2020,34.08 ,34.74 ,32.95 ,33.41 ,17288800
9/4/2020,33.33 ,33.65 ,31.55 ,33.24 ,17480600
9/8/2020,32.36 ,35.10 ,32.16 ,34.32 ,33683500
9/9/2020,34.11 ,35.50 ,34.11 ,35.01 ,22803500
9/10/2020,35.20 ,36.78 ,35.19 ,35.98 ,35468300
9/11/2020,36.30 ,37.15 ,36.25 ,36.98 ,27130900
9/14/2020,37.10 ,38.00 ,37.08 ,37.95 ,28016000
9/15/2020,37.95 ,38.48 ,37.27 ,37.47 ,23532600
9/16/2020,37.39 ,38.52 ,37.39 ,37.66 ,21787100
9/17/2020,36.68 ,37.45 ,36.14 ,37.06 ,23534800
9/18/2020,37.15 ,37.56 ,36.39 ,37.12 ,68428600
9/21/2020,35.86 ,36.58 ,35.12 ,36.49 ,19100800
9/22/2020,36.53 ,36.55 ,34.10 ,34.40 ,28242800
9/23/2020,34.45 ,34.81 ,33.40 ,33.55 ,15796900
9/24/2020,33.66 ,34.00 ,32.89 ,33.35 ,16404100
9/25/2020,33.20 ,34.50 ,33.20 ,34.46 ,10736300
9/28/2020,35.80 ,36.63 ,35.26 ,35.56 ,22878400
9/29/2020,35.56 ,35.65 ,34.60 ,35.43 ,16488700
9/30/2020,35.28 ,36.50 ,35.28 ,36.48 ,21386300
10/1/2020,36.86 ,37.83 ,36.58 ,37.14 ,19187500
10/2/2020,36.00 ,37.99 ,35.94 ,37.72 ,20123400
10/5/2020,37.70 ,38.00 ,36.88 ,37.14 ,13093100
10/6/2020,37.17 ,37.37 ,36.04 ,36.26 ,13074700
10/7/2020,36.59 ,37.11 ,36.37 ,36.78 ,13782100
10/8/2020,37.00 ,37.83 ,36.96 ,37.34 ,12212400
10/9/2020,37.91 ,38.35 ,37.19 ,37.27 ,13172000
10/12/2020,37.56 ,37.56 ,36.17 ,36.26 ,16569400
10/13/2020,36.22 ,36.23 ,35.02 ,35.56 ,15463100
10/14/2020,35.69 ,36.09 ,35.08 ,35.11 ,15397200
10/15/2020,34.68 ,34.81 ,34.02 ,34.26 ,15443800
10/16/2020,34.78 ,34.80 ,33.61 ,33.72 ,14899700
10/19/2020,34.16 ,34.59 ,34.00 ,34.22 ,19278600
10/20/2020,34.53 ,36.76 ,34.53 ,36.31 ,29820700
10/21/2020,36.25 ,36.25 ,34.88 ,35.20 ,19058700
10/22/2020,35.42 ,36.89 ,34.92 ,36.70 ,14243600
10/23/2020,36.50 ,36.99 ,35.92 ,36.75 ,15960600
10/26/2020,36.50 ,36.74 ,35.12 ,35.49 ,12511700
10/27/2020,35.51 ,35.70 ,34.02 ,34.16 ,13692100
10/28/2020,33.62 ,33.66 ,32.90 ,33.65 ,15787900
10/29/2020,33.71 ,34.94 ,33.33 ,34.06 ,13735300
10/30/2020,33.91 ,34.39 ,33.15 ,33.41 ,13506200
11/2/2020,34.15 ,35.05 ,34.06 ,34.81 ,18350500
11/3/2020,35.27 ,36.15 ,35.15 ,35.77 ,16208800
11/4/2020,40.66 ,42.15 ,39.00 ,40.99 ,101818200
11/5/2020,40.33 ,42.05 ,40.01 ,41.96 ,34177600
11/6/2020,42.09 ,45.38 ,41.62 ,44.87 ,57670700
11/9/2020,48.01 ,49.62 ,47.30 ,48.18 ,61632300
11/10/2020,46.74 ,49.36 ,46.04 ,47.00 ,33079800
11/11/2020,46.72 ,47.52 ,45.91 ,46.23 ,19213700
11/12/2020,45.39 ,47.47 ,45.05 ,46.40 ,16251600
11/13/2020,47.11 ,47.79 ,45.93 ,47.61 ,15552400
11/16/2020,48.74 ,50.09 ,48.48 ,49.21 ,29301700
11/17/2020,48.72 ,49.62 ,48.50 ,48.89 ,16638300
11/18/2020,48.77 ,49.95 ,48.33 ,49.11 ,17783500
11/19/2020,49.10 ,49.91 ,48.65 ,49.26 ,13480300
11/20/2020,49.98 ,50.75 ,48.27 ,48.43 ,17330400
11/23/2020,48.66 ,50.88 ,48.51 ,50.04 ,17147100
11/24/2020,50.62 ,52.15 ,50.48 ,51.26 ,16216200
11/25/2020,51.27 ,51.45 ,49.92 ,50.80 ,11641600
11/27/2020,50.93 ,51.19 ,50.20 ,50.72 ,8339200
11/30/2020,50.22 ,51.01 ,48.53 ,49.66 ,17221500
12/1/2020,50.00 ,51.41 ,49.07 ,49.63 ,20605500
12/2/2020,49.26 ,53.45 ,48.53 ,53.09 ,30381500
12/3/2020,53.30 ,53.49 ,52.12 ,52.52 ,13122400
12/4/2020,52.71 ,54.86 ,52.71 ,54.86 ,22207900
12/7/2020,54.59 ,54.87 ,53.65 ,53.80 ,13764400
12/8/2020,52.40 ,54.22 ,52.35 ,53.01 ,26167300
12/9/2020,53.98 ,56.02 ,53.06 ,53.79 ,46777900
12/10/2020,52.33 ,54.62 ,51.30 ,54.35 ,20207700
12/11/2020,54.47 ,55.03 ,52.33 ,52.63 ,16817900
12/14/2020,53.27 ,53.44 ,51.24 ,51.46 ,19048500
12/15/2020,52.12 ,52.83 ,50.87 ,51.00 ,17504700
12/16/2020,51.18 ,51.68 ,50.29 ,50.49 ,19577800
12/17/2020,50.59 ,51.30 ,50.17 ,50.63 ,19688300
12/18/2020,50.81 ,50.95 ,49.52 ,50.62 ,24355200
12/21/2020,49.00 ,52.35 ,48.79 ,51.80 ,23562900
12/22/2020,52.11 ,54.36 ,51.92 ,53.78 ,23871800
12/23/2020,53.80 ,54.09 ,52.99 ,53.71 ,12671100
12/24/2020,53.60 ,53.63 ,52.29 ,52.88 ,6316800
12/28/2020,53.02 ,53.13 ,51.56 ,51.97 ,12059000
12/29/2020,52.33 ,52.99 ,51.47 ,52.27 ,10140600
12/30/2020,52.72 ,53.85 ,52.22 ,53.15 ,9518600
12/31/2020,53.28 ,53.28 ,51.00 ,51.00 ,13282800
1/4/2021,52.22 ,52.32 ,49.63 ,51.14 ,17291800
1/5/2021,51.00 ,54.19 ,50.76 ,54.01 ,21403200
1/6/2021,53.31 ,54.07 ,52.00 ,52.48 ,17738100
1/7/2021,53.37 ,56.25 ,53.20 ,56.13 ,23737500
1/8/2021,54.40 ,54.79 ,52.58 ,53.28 ,37999400
1/11/2021,53.11 ,55.00 ,52.99 ,54.59 ,23213800
1/12/2021,55.50 ,59.39 ,55.00 ,58.54 ,52128200
1/13/2021,58.54 ,59.88 ,57.53 ,59.40 ,24178500
1/14/2021,60.00 ,60.03 ,56.70 ,56.91 ,26561000
1/15/2021,57.49 ,57.90 ,55.00 ,55.52 ,23708800
1/19/2021,56.39 ,56.84 ,55.00 ,56.30 ,16953700
1/20/2021,57.00 ,57.98 ,55.47 ,56.38 ,16904300
1/21/2021,56.57 ,57.00 ,55.31 ,55.79 ,13432000
1/22/2021,55.25 ,55.47 ,54.01 ,54.31 ,19570500
1/25/2021,54.50 ,54.52 ,49.65 ,54.29 ,40890100
1/26/2021,54.62 ,55.52 ,51.53 ,51.92 ,25677000
1/27/2021,49.97 ,50.86 ,47.15 ,48.11 ,33283400
1/28/2021,50.12 ,52.52 ,49.88 ,51.58 ,28114700
1/29/2021,50.63 ,51.49 ,49.63 ,50.93 ,18743200
2/1/2021,52.12 ,52.90 ,51.35 ,52.76 ,15570900
2/2/2021,55.11 ,58.03 ,54.89 ,56.46 ,30286800
2/3/2021,57.87 ,58.13 ,56.74 ,57.12 ,13519000
2/4/2021,56.45 ,57.85 ,56.11 ,57.85 ,13841600
2/5/2021,58.16 ,58.71 ,57.37 ,58.58 ,15729200
2/8/2021,59.70 ,60.11 ,58.69 ,59.29 ,18403700
2/9/2021,58.91 ,61.06 ,58.62 ,59.61 ,23510700
2/10/2021,62.00 ,63.50 ,60.80 ,63.18 ,36972900
2/11/2021,63.25 ,64.05 ,60.40 ,60.71 ,41363400
2/12/2021,60.12 ,60.93 ,59.31 ,60.63 ,14607800
2/16/2021,61.02 ,61.31 ,59.84 ,60.52 ,15413100
2/17/2021,60.33 ,60.95 ,58.95 ,60.81 ,12670000
2/18/2021,60.00 ,60.29 ,58.23 ,59.00 ,15135600
2/19/2021,58.36 ,60.46 ,58.11 ,58.39 ,28097000
2/22/2021,57.76 ,58.10 ,54.82 ,55.31 ,25565400
2/23/2021,53.50 ,56.37 ,51.89 ,56.00 ,23947500
2/24/2021,54.95 ,55.15 ,53.66 ,53.91 ,24627000
2/25/2021,54.58 ,54.60 ,50.86 ,51.45 ,27049100
2/26/2021,52.07 ,52.75 ,50.61 ,51.75 ,16349800
3/1/2021,53.67 ,54.76 ,53.30 ,54.40 ,18481100
3/2/2021,55.54 ,55.62 ,54.19 ,54.65 ,15199500
3/3/2021,55.93 ,57.80 ,54.65 ,56.11 ,28485400
3/4/2021,55.75 ,57.16 ,51.61 ,53.07 ,27409600
3/5/2021,54.28 ,55.83 ,50.81 ,55.54 ,31576200
3/8/2021,55.50 ,56.45 ,52.89 ,53.20 ,19912100
3/9/2021,56.00 ,56.15 ,54.72 ,55.25 ,17192900
3/10/2021,57.21 ,58.90 ,56.27 ,57.68 ,27997000
3/11/2021,58.80 ,59.48 ,58.22 ,58.95 ,17293800
3/12/2021,58.97 ,60.59 ,57.62 ,60.35 ,14839300
3/15/2021,60.35 ,60.53 ,59.12 ,60.19 ,14985000
3/16/2021,59.99 ,61.02 ,58.38 ,58.85 ,12885700
3/17/2021,57.07 ,57.57 ,55.54 ,56.36 ,25509900
3/18/2021,56.63 ,57.48 ,55.21 ,55.69 ,15737000
3/19/2021,55.48 ,57.18 ,54.34 ,57.08 ,17396300
3/22/2021,57.25 ,57.61 ,55.47 ,55.69 ,14149400
3/23/2021,55.63 ,55.63 ,53.11 ,53.49 ,14513500
3/24/2021,54.46 ,54.96 ,52.54 ,52.57 ,13700800
3/25/2021,52.00 ,54.28 ,51.80 ,53.89 ,13210700
3/26/2021,54.41 ,55.25 ,53.52 ,54.71 ,13528200
3/29/2021,54.80 ,54.80 ,52.85 ,53.35 ,9724800
3/30/2021,52.99 ,54.12 ,52.64 ,53.46 ,9497200
3/31/2021,53.96 ,55.18 ,53.58 ,54.51 ,14760500
4/1/2021,55.61 ,57.63 ,54.81 ,57.60 ,18703400
4/5/2021,58.10 ,58.42 ,56.64 ,57.40 ,13490200
4/6/2021,57.34 ,58.99 ,57.16 ,58.05 ,13579200
4/7/2021,58.02 ,58.13 ,55.95 ,56.89 ,12921900
4/8/2021,56.65 ,57.94 ,56.54 ,57.83 ,9498500
4/9/2021,57.32 ,57.88 ,56.40 ,57.68 ,10228500
4/12/2021,59.05 ,60.77 ,58.75 ,59.44 ,36041300
4/13/2021,59.65 ,61.01 ,58.53 ,60.64 ,21006100
4/14/2021,60.11 ,61.50 ,59.18 ,59.23 ,18959800
4/15/2021,59.88 ,61.09 ,59.55 ,60.74 ,17500200
4/16/2021,60.74 ,60.85 ,59.54 ,60.35 ,11856100
4/19/2021,60.00 ,60.22 ,57.52 ,57.85 ,16956900
4/20/2021,58.00 ,58.12 ,55.24 ,55.48 ,19081100
4/21/2021,55.00 ,56.20 ,54.61 ,55.77 ,11523900
4/22/2021,55.85 ,57.22 ,55.19 ,56.28 ,16936200
4/23/2021,56.56 ,57.95 ,56.39 ,57.93 ,8758800
4/26/2021,58.05 ,58.36 ,57.33 ,57.61 ,8361600
4/27/2021,58.32 ,58.40 ,57.05 ,57.16 ,12926800
4/28/2021,56.88 ,58.48 ,56.66 ,58.44 ,9269700
4/29/2021,59.00 ,59.22 ,53.11 ,54.93 ,43408000
4/30/2021,54.30 ,55.65 ,54.11 ,54.77 ,16736600
5/3/2021,55.12 ,56.13 ,54.84 ,54.85 ,13903300
5/4/2021,54.52 ,54.72 ,52.01 ,52.99 ,19336600
5/5/2021,53.87 ,54.07 ,50.63 ,51.18 ,43970500
5/6/2021,48.39 ,49.81 ,45.72 ,46.65 ,79242400
5/7/2021,47.22 ,48.60 ,46.54 ,47.03 ,27933900
5/10/2021,47.71 ,47.85 ,45.60 ,45.79 ,28309800
5/11/2021,44.50 ,46.79 ,44.18 ,46.21 ,29106900
5/12/2021,45.90 ,46.11 ,43.17 ,43.81 ,32117400
5/13/2021,44.99 ,46.10 ,43.56 ,44.48 ,36205100
5/14/2021,45.03 ,47.71 ,44.85 ,47.42 ,25323300
5/17/2021,47.24 ,47.94 ,46.51 ,47.51 ,17475300
5/18/2021,49.67 ,50.29 ,48.53 ,49.17 ,28244400
5/19/2021,47.53 ,49.83 ,47.37 ,49.47 ,16517500
5/20/2021,49.57 ,49.95 ,48.76 ,49.33 ,18822300
5/21/2021,49.57 ,49.95 ,48.76 ,48.82 ,20013200
5/24/2021,49.33 ,50.40 ,48.85 ,50.03 ,16768400
5/25/2021,50.74 ,51.59 ,50.44 ,50.46 ,16930900
5/26/2021,50.32 ,51.36 ,49.76 ,51.12 ,16393700
5/27/2021,51.44 ,51.69 ,48.72 ,50.71 ,51346000
5/28/2021,50.67 ,51.74 ,50.47 ,50.83 ,14226800
6/1/2021,51.62 ,51.66 ,49.84 ,50.98 ,16583800
6/2/2021,51.19 ,51.41 ,50.55 ,50.79 ,13484200
6/3/2021,50.43 ,50.50 ,48.53 ,48.70 ,14712900
6/4/2021,49.56 ,50.22 ,49.07 ,50.18 ,10409800
6/7/2021,50.49 ,51.22 ,49.75 ,50.76 ,16466200
6/8/2021,50.70 ,51.40 ,48.66 ,49.88 ,19672700
6/9/2021,50.00 ,50.17 ,49.11 ,49.14 ,12615200
6/10/2021,49.69 ,49.90 ,48.42 ,49.55 ,14926500
6/11/2021,50.03 ,50.36 ,49.54 ,50.01 ,12127100
6/14/2021,50.06 ,51.49 ,49.56 ,50.77 ,15437300
6/15/2021,49.55 ,49.96 ,49.09 ,49.30 ,20358600
6/16/2021,49.35 ,49.66 ,48.29 ,48.89 ,18975800
6/17/2021,48.96 ,49.83 ,48.31 ,49.70 ,18911400
6/18/2021,49.31 ,50.39 ,48.78 ,49.70 ,20633500
6/21/2021,49.72 ,49.86 ,47.90 ,48.12 ,30752200
6/22/2021,48.30 ,49.34 ,47.75 ,49.05 ,19472500
6/23/2021,49.06 ,50.77 ,49.01 ,50.51 ,19843300
6/24/2021,51.30 ,51.55 ,50.22 ,50.82 ,12403300
6/25/2021,51.18 ,51.83 ,50.53 ,51.73 ,25727800
6/28/2021,51.75 ,52.36 ,50.37 ,51.11 ,22518000
6/29/2021,51.00 ,51.30 ,50.24 ,50.76 ,14104200
6/30/2021,51.02 ,51.13 ,49.71 ,50.12 ,18069400
7/1/2021,50.88 ,51.60 ,50.02 ,50.59 ,17727600
7/2/2021,50.57 ,51.83 ,50.39 ,51.71 ,13690400
7/6/2021,50.60 ,52.03 ,50.40 ,50.80 ,21357800
7/7/2021,50.80 ,51.03 ,48.54 ,48.68 ,24559500
7/8/2021,47.16 ,48.21 ,46.57 ,47.55 ,24930200
7/9/2021,47.84 ,49.25 ,47.71 ,49.07 ,15401000
7/12/2021,48.87 ,49.29 ,48.09 ,48.41 ,14142300
7/13/2021,48.49 ,48.59 ,47.75 ,48.08 ,11283600
7/14/2021,48.28 ,48.59 ,47.11 ,47.15 ,15837000
7/15/2021,46.86 ,47.46 ,46.15 ,46.42 ,17225300
7/16/2021,46.40 ,47.09 ,46.01 ,46.19 ,18224500
7/19/2021,45.00 ,45.75 ,44.44 ,45.56 ,20890600
7/20/2021,45.46 ,46.66 ,45.07 ,46.32 ,13851400
7/21/2021,46.53 ,47.94 ,46.35 ,47.52 ,14953700
7/22/2021,47.70 ,48.17 ,47.24 ,47.57 ,11560800
7/23/2021,47.61 ,47.69 ,46.78 ,47.46 ,9540700
7/26/2021,47.04 ,47.60 ,46.37 ,46.81 ,12498000
7/27/2021,46.54 ,46.66 ,44.76 ,45.82 ,16874200
7/28/2021,45.88 ,46.96 ,45.81 ,46.14 ,19510300
7/29/2021,44.12 ,45.21 ,44.00 ,44.69 ,51033700
7/30/2021,44.38 ,44.73 ,43.34 ,43.46 ,22194900
8/2/2021,44.10 ,44.29 ,43.45 ,43.49 ,26579900
8/3/2021,43.56 ,43.68 ,41.62 ,42.79 ,37622200
8/4/2021,42.70 ,42.82 ,41.37 ,41.81 ,42969100
8/5/2021,40.50 ,44.65 ,40.15 ,43.07 ,60871500
8/6/2021,43.74 ,44.94 ,43.65 ,44.28 ,25514900
8/9/2021,44.19 ,44.27 ,43.21 ,43.25 ,19238400
8/10/2021,43.70 ,44.24 ,43.25 ,43.50 ,26675200
8/11/2021,43.41 ,43.50 ,42.00 ,43.08 ,21766100
8/12/2021,42.86 ,42.97 ,42.18 ,42.73 ,16549100
8/13/2021,42.80 ,43.03 ,42.20 ,42.22 ,8598800
8/16/2021,41.76 ,41.79 ,40.86 ,41.50 ,19223500
8/17/2021,41.00 ,41.48 ,40.58 ,41.00 ,20364400
8/18/2021,40.97 ,41.53 ,40.80 ,40.88 ,13682300
8/19/2021,40.28 ,40.60 ,39.51 ,39.86 ,22471400
8/20/2021,39.69 ,40.08 ,39.24 ,39.95 ,18080700
8/23/2021,39.00 ,41.08 ,38.84 ,41.00 ,33901300
8/24/2021,41.10 ,41.21 ,39.97 ,40.17 ,44872800
8/25/2021,40.44 ,42.11 ,40.04 ,41.55 ,26498400
8/26/2021,41.49 ,41.94 ,40.54 ,40.62 ,17473400
8/27/2021,40.53 ,41.31 ,40.50 ,40.69 ,13612500
8/30/2021,40.58 ,40.74 ,39.11 ,39.59 ,29516300
8/31/2021,39.81 ,40.28 ,39.13 ,39.14 ,26396000
9/1/2021,39.98 ,41.67 ,39.87 ,40.62 ,27788600
9/2/2021,40.75 ,41.86 ,40.54 ,41.40 ,20645400
9/3/2021,41.22 ,41.58 ,40.23 ,40.32 ,15444900
9/7/2021,40.49 ,41.08 ,40.31 ,40.95 ,15708600
9/8/2021,40.85 ,41.34 ,39.83 ,40.07 ,16219900
9/9/2021,40.10 ,40.95 ,39.84 ,40.35 ,14260300
9/10/2021,40.62 ,40.83 ,39.87 ,39.89 ,14230600
9/13/2021,40.26 ,41.19 ,39.26 ,40.07 ,28868800
9/14/2021,39.90 ,40.10 ,38.55 ,39.01 ,36717300
9/15/2021,39.00 ,39.00 ,38.08 ,38.48 ,30368800
9/16/2021,38.30 ,39.67 ,38.09 ,39.52 ,25374000
9/17/2021,39.90 ,40.22 ,39.29 ,39.75 ,32165000
9/20/2021,38.88 ,40.22 ,38.73 ,39.79 ,35417600
9/21/2021,42.34 ,45.00 ,42.18 ,44.36 ,106631700
9/22/2021,44.90 ,46.62 ,44.61 ,44.87 ,56455100
9/23/2021,45.35 ,45.84 ,44.71 ,45.48 ,26232800
9/24/2021,45.46 ,47.04 ,45.29 ,46.63 ,29458300
9/27/2021,46.77 ,47.43 ,46.19 ,47.25 ,23034800
9/28/2021,46.70 ,47.00 ,45.76 ,45.98 ,23707900
9/29/2021,46.00 ,46.53 ,44.30 ,44.52 ,24599500
9/30/2021,44.71 ,45.37 ,43.86 ,44.80 ,16650600
10/1/2021,45.92 ,47.25 ,45.79 ,47.05 ,25428300
10/4/2021,46.47 ,46.83 ,45.20 ,45.72 ,21588200
10/5/2021,45.91 ,46.08 ,45.35 ,45.61 ,12433900
10/6/2021,45.33 ,47.18 ,45.00 ,47.01 ,24868700
10/7/2021,47.64 ,48.24 ,46.89 ,47.91 ,25961600
10/8/2021,48.08 ,48.88 ,47.61 ,47.77 ,17980400
10/11/2021,47.70 ,47.87 ,46.28 ,46.29 ,16336800
10/12/2021,46.33 ,47.05 ,46.15 ,46.72 ,12404200
10/13/2021,46.26 ,47.00 ,45.94 ,46.41 ,13754400
10/14/2021,46.98 ,47.94 ,46.84 ,47.28 ,18514000
10/15/2021,47.91 ,48.84 ,47.34 ,48.36 ,20581700
10/18/2021,47.68 ,47.95 ,46.75 ,47.07 ,19806700
10/19/2021,47.20 ,47.69 ,46.74 ,47.05 ,16500200
10/20/2021,47.15 ,47.54 ,45.93 ,46.00 ,15570900
10/21/2021,45.97 ,47.54 ,45.52 ,46.47 ,15741000
10/22/2021,46.00 ,46.50 ,45.23 ,45.51 ,19259200
10/25/2021,45.67 ,46.07 ,45.02 ,45.72 ,12955500
10/26/2021,46.28 ,47.69 ,45.86 ,46.02 ,19491800
10/27/2021,46.47 ,46.55 ,44.17 ,44.73 ,26999800
10/28/2021,45.00 ,45.41 ,44.38 ,44.62 ,14768800
10/29/2021,44.49 ,44.80 ,43.57 ,43.82 ,18283200
11/1/2021,44.07 ,45.03 ,43.65 ,44.36 ,20983900
11/2/2021,44.34 ,44.35 ,42.33 ,42.89 ,28002600
11/3/2021,45.33 ,46.26 ,44.71 ,45.72 ,38499600
11/4/2021,45.54 ,46.53 ,44.99 ,45.27 ,31903000
11/5/2021,47.50 ,48.74 ,46.61 ,47.19 ,45641500
11/8/2021,47.08 ,47.65 ,45.82 ,45.89 ,25257900
11/9/2021,45.91 ,45.98 ,43.68 ,45.51 ,33588900
11/10/2021,44.90 ,45.25 ,42.60 ,43.38 ,33712200
11/11/2021,43.32 ,43.72 ,42.44 ,43.28 ,27307800
11/12/2021,43.57 ,45.13 ,43.57 ,45.12 ,29804600
11/15/2021,45.11 ,45.26 ,43.56 ,43.61 ,19690000
11/16/2021,45.54 ,46.66 ,44.86 ,45.76 ,46219700
11/17/2021,45.36 ,45.64 ,43.90 ,44.11 ,25036400
11/18/2021,44.53 ,45.33 ,43.58 ,45.00 ,27839900
11/19/2021,43.93 ,44.72 ,43.50 ,44.23 ,21465500
11/22/2021,43.96 ,44.40 ,41.81 ,42.60 ,31355200
11/23/2021,42.38 ,43.14 ,41.60 ,42.68 ,18099400
11/24/2021,42.00 ,42.37 ,41.24 ,42.08 ,17118200
11/26/2021,39.61 ,40.62 ,38.77 ,40.52 ,35453600
11/29/2021,41.06 ,41.25 ,38.78 ,39.70 ,27724400
11/30/2021,39.25 ,39.95 ,37.04 ,38.00 ,55268500
12/1/2021,39.45 ,39.50 ,35.80 ,36.02 ,47316400
12/2/2021,36.55 ,38.40 ,36.45 ,38.12 ,32267000
12/3/2021,37.42 ,37.84 ,35.26 ,35.85 ,47392700
12/6/2021,35.95 ,38.69 ,35.44 ,38.49 ,36689200
12/7/2021,39.40 ,40.22 ,37.76 ,38.08 ,40443300
12/8/2021,38.30 ,39.41 ,38.01 ,38.81 ,29688600
12/9/2021,38.44 ,38.70 ,37.47 ,37.54 ,22994800
12/10/2021,37.41 ,37.87 ,36.61 ,36.67 ,25760600
12/13/2021,36.18 ,36.31 ,34.88 ,35.73 ,38394700
12/14/2021,35.25 ,38.45 ,35.21 ,37.26 ,45491700
12/15/2021,36.91 ,38.38 ,36.24 ,37.83 ,37612600
12/16/2021,38.25 ,38.58 ,37.13 ,37.70 ,31478400
12/17/2021,37.20 ,40.00 ,36.74 ,39.68 ,51048100
12/20/2021,38.45 ,40.15 ,38.08 ,39.70 ,28153700
12/21/2021,39.82 ,42.08 ,39.82 ,41.97 ,28385200
12/22/2021,41.95 ,43.23 ,41.45 ,43.02 ,27675700
12/23/2021,43.03 ,44.35 ,42.76 ,43.91 ,21763400
12/27/2021,43.44 ,44.24 ,42.82 ,42.96 ,28285000
12/28/2021,42.60 ,43.74 ,42.30 ,42.54 ,21481000
12/29/2021,42.72 ,42.93 ,41.81 ,42.46 ,15908600
12/30/2021,42.29 ,43.34 ,42.20 ,42.66 ,13516300
12/31/2021,42.53 ,43.12 ,41.93 ,41.93 ,13746900
1/3/2022,42.48 ,44.40 ,41.89 ,43.95 ,26089000
1/4/2022,44.23 ,44.80 ,42.58 ,44.42 ,30845300
1/5/2022,44.29 ,45.90 ,42.86 ,43.24 ,28498700
1/6/2022,43.11 ,44.08 ,40.97 ,42.03 ,32434300
1/7/2022,42.00 ,42.65 ,41.20 ,41.51 ,24875800
1/10/2022,41.48 ,42.81 ,40.16 ,42.60 ,29783800
1/11/2022,42.36 ,44.17 ,42.19 ,43.62 ,22161000
1/12/2022,43.99 ,44.10 ,42.54 ,43.04 ,18993900
1/13/2022,43.34 ,43.92 ,42.72 ,42.87 ,17190100
1/14/2022,42.40 ,42.72 ,40.36 ,41.51 ,25817800
1/18/2022,40.96 ,40.96 ,38.37 ,38.41 ,36873700
1/19/2022,38.21 ,38.89 ,37.12 ,37.86 ,35552500
1/20/2022,38.29 ,39.64 ,37.75 ,37.82 ,21720100
1/21/2022,37.41 ,37.60 ,35.85 ,35.94 ,41836800
1/24/2022,34.91 ,36.42 ,33.51 ,36.28 ,49261600
1/25/2022,35.47 ,36.09 ,34.51 ,34.82 ,29577000
1/26/2022,36.07 ,36.68 ,34.45 ,34.80 ,29495900
1/27/2022,35.37 ,35.79 ,33.94 ,34.09 ,26086700
1/28/2022,34.17 ,35.22 ,32.81 ,35.21 ,28007100
1/31/2022,35.34 ,37.54 ,35.30 ,37.40 ,22899300
2/1/2022,37.63 ,38.71 ,37.20 ,38.61 ,19669900
2/2/2022,38.53 ,38.62 ,37.03 ,37.17 ,19591100
2/3/2022,36.08 ,36.74 ,34.30 ,34.54 ,32192100
2/4/2022,35.00 ,37.36 ,34.36 ,37.05 ,33082100
2/7/2022,36.99 ,39.05 ,36.99 ,37.54 ,30303200
2/8/2022,37.25 ,38.57 ,36.95 ,38.34 ,25857600
2/9/2022,38.81 ,40.40 ,38.16 ,40.19 ,52614100
2/10/2022,41.00 ,42.56 ,37.35 ,37.75 ,113915000
2/11/2022,37.96 ,38.65 ,34.48 ,35.29 ,72568400
2/14/2022,35.20 ,35.99 ,34.32 ,34.59 ,44556700
2/15/2022,35.44 ,37.21 ,35.11 ,37.09 ,38183500
2/16/2022,36.63 ,37.39 ,36.27 ,36.58 ,33165900
2/17/2022,36.13 ,37.43 ,35.41 ,35.71 ,28432100
2/18/2022,35.52 ,36.33 ,34.67 ,34.68 ,28199900
2/22/2022,34.21 ,35.10 ,33.28 ,33.68 ,28731300
2/23/2022,33.89 ,34.21 ,32.30 ,32.39 ,27254800
2/24/2022,29.97 ,34.95 ,29.71 ,34.87 ,42978100
2/25/2022,34.84 ,35.27 ,34.01 ,34.98 ,23691500
2/28/2022,35.26 ,36.31 ,34.99 ,36.03 ,44865200
3/1/2022,35.45 ,35.60 ,33.65 ,33.89 ,31436200
3/2/2022,34.00 ,34.22 ,32.97 ,34.04 ,26112500
3/3/2022,34.22 ,34.29 ,31.42 ,31.72 ,38337600
3/4/2022,31.50 ,31.73 ,29.27 ,29.83 ,52098700
3/7/2022,31.48 ,31.94 ,28.55 ,28.57 ,60265800
3/8/2022,28.51 ,31.57 ,28.28 ,30.74 ,55014700
3/9/2022,31.75 ,32.73 ,31.20 ,31.50 ,33734500
3/10/2022,30.86 ,31.15 ,29.84 ,30.41 ,30785900
3/11/2022,31.30 ,31.39 ,30.42 ,30.76 ,29422600
3/14/2022,30.51 ,30.55 ,28.80 ,29.27 ,41897400
3/15/2022,29.52 ,30.41 ,29.06 ,29.80 ,33060500
3/16/2022,30.53 ,32.63 ,30.27 ,32.61 ,34688800
3/17/2022,32.34 ,32.92 ,31.57 ,32.85 ,27278600
3/18/2022,32.52 ,33.42 ,32.33 ,33.36 ,35779700
3/21/2022,32.82 ,32.82 ,31.25 ,31.98 ,35200600
3/22/2022,31.93 ,33.60 ,31.84 ,33.35 ,21852800
3/23/2022,32.71 ,33.68 ,32.57 ,33.06 ,19024700
3/24/2022,34.74 ,34.95 ,33.44 ,34.70 ,52492200
