date,open_price,high_price,low_price,close_price,daily_volume,daily_change_pct,volatility,ma7
5/10/2019,$42.00 ,$45.00 ,$41.06 ,$41.57 ,"$186,322,500.00 ",-1.023809524,$3.94 ,
5/13/2019,$38.79 ,$39.24 ,$36.08 ,$37.10 ,"$79,442,400.00 ",-4.356792988,$3.16 ,
5/14/2019,$38.31 ,$39.96 ,$36.85 ,$39.96 ,"$46,661,100.00 ",4.30696946,$3.11 ,
5/15/2019,$39.37 ,$41.88 ,$38.95 ,$41.29 ,"$36,086,100.00 ",4.876809754,$2.93 ,
5/16/2019,$41.48 ,$44.06 ,$41.25 ,$43.00 ,"$38,115,500.00 ",3.664416586,$2.81 ,
5/17/2019,$41.98 ,$43.29 ,$41.27 ,$41.91 ,"$20,225,700.00 ",-0.16674607,$2.02 ,
5/20/2019,$41.19 ,$41.68 ,$39.46 ,$41.59 ,"$29,222,300.00 ",0.971109493,$2.22 ,$40.92 
5/21/2019,$42.00 ,$42.24 ,$41.25 ,$41.50 ,"$10,802,900.00 ",-1.19047619,$0.99 ,$40.91 
5/22/2019,$41.05 ,$41.28 ,$40.50 ,$41.25 ,"$9,089,500.00 ",0.487210719,$0.78 ,$41.50 
5/23/2019,$40.80 ,$41.09 ,$40.02 ,$40.47 ,"$11,119,900.00 ",-0.808823529,$1.07 ,$41.57 
5/24/2019,$41.28 ,$41.51 ,$40.50 ,$41.51 ,"$8,786,800.00 ",0.557170543,$1.01 ,$41.60 
5/28/2019,$41.70 ,$41.80 ,$40.60 ,$40.95 ,"$13,391,600.00 ",-1.798561151,$1.20 ,$41.31 
5/29/2019,$40.52 ,$40.71 ,$39.15 ,$39.94 ,"$14,060,400.00 ",-1.431391905,$1.56 ,$41.03 
5/30/2019,$40.07 ,$40.38 ,$39.50 ,$39.80 ,"$26,451,900.00 ",-0.673820814,$0.88 ,$40.77 
5/31/2019,$41.15 ,$41.57 ,$39.41 ,$40.41 ,"$23,209,800.00 ",-1.798298906,$2.16 ,$40.62 
6/3/2019,$40.74 ,$41.85 ,$40.24 ,$41.25 ,"$16,605,300.00 ",1.251840943,$1.61 ,$40.62 
6/4/2019,$42.56 ,$42.88 ,$40.70 ,$42.75 ,"$23,432,100.00 ",0.446428571,$2.18 ,$40.94 
6/5/2019,$42.87 ,$45.66 ,$42.50 ,$45.00 ,"$28,609,600.00 ",4.968509447,$3.16 ,$41.44 
6/6/2019,$45.00 ,$45.75 ,$44.28 ,$44.92 ,"$16,403,700.00 ",-0.177777778,$1.47 ,$42.01 
6/7/2019,$44.92 ,$45.67 ,$44.13 ,$44.16 ,"$12,654,700.00 ",-1.691896705,$1.54 ,$42.61 
6/10/2019,$44.02 ,$44.59 ,$42.53 ,$42.61 ,"$11,618,700.00 ",-3.203089505,$2.06 ,$43.01 
6/11/2019,$43.22 ,$43.65 ,$41.80 ,$42.45 ,"$9,095,000.00 ",-1.781582601,$1.85 ,$43.31 
6/12/2019,$42.52 ,$42.65 ,$41.71 ,$42.17 ,"$5,965,300.00 ",-0.823142051,$0.94 ,$43.44 
6/13/2019,$43.05 ,$44.35 ,$42.80 ,$44.31 ,"$10,178,900.00 ",2.926829268,$1.55 ,$43.66 
6/14/2019,$44.75 ,$44.80 ,$43.11 ,$43.23 ,"$7,902,200.00 ",-3.396648045,$1.69 ,$43.41 
6/17/2019,$43.28 ,$44.08 ,$42.93 ,$43.78 ,"$6,557,600.00 ",1.155268022,$1.15 ,$43.24 
6/18/2019,$44.30 ,$44.89 ,$43.75 ,$43.86 ,"$7,313,600.00 ",-0.993227991,$1.14 ,$43.20 
6/19/2019,$44.46 ,$45.50 ,$43.95 ,$44.86 ,"$10,331,500.00 ",0.89968511,$1.55 ,$43.52 
6/20/2019,$45.03 ,$45.29 ,$43.51 ,$43.86 ,"$9,567,400.00 ",-2.598267821,$1.78 ,$43.72 
6/21/2019,$43.85 ,$44.14 ,$43.38 ,$44.00 ,"$4,974,000.00 ",0.342075257,$0.76 ,$43.99 
6/24/2019,$44.00 ,$44.07 ,$42.82 ,$43.09 ,"$5,985,100.00 ",-2.068181818,$1.25 ,$43.81 
6/25/2019,$43.28 ,$43.79 ,$42.44 ,$43.09 ,"$5,753,300.00 ",-0.439001848,$1.35 ,$43.79 
6/26/2019,$43.25 ,$43.40 ,$42.36 ,$42.50 ,"$8,109,100.00 ",-1.734104046,$1.04 ,$43.61 
6/27/2019,$43.35 ,$45.30 ,$43.20 ,$45.13 ,"$20,155,100.00 ",4.106113033,$2.10 ,$43.79 
6/28/2019,$45.10 ,$47.08 ,$45.08 ,$46.38 ,"$28,657,000.00 ",2.838137472,$2.00 ,$44.01 
7/1/2019,$46.98 ,$47.04 ,$44.06 ,$44.27 ,"$17,660,500.00 ",-5.76841209,$2.98 ,$44.07 
7/2/2019,$44.55 ,$44.68 ,$43.75 ,$44.00 ,"$11,881,300.00 ",-1.234567901,$0.93 ,$44.07 
7/3/2019,$44.00 ,$44.46 ,$43.79 ,$44.23 ,"$3,380,000.00 ",0.522727273,$0.67 ,$44.23 
7/5/2019,$44.31 ,$44.55 ,$43.01 ,$43.53 ,"$8,239,500.00 ",-1.760324983,$1.54 ,$44.29 
7/8/2019,$43.59 ,$43.85 ,$42.75 ,$42.95 ,"$9,304,100.00 ",-1.468226657,$1.10 ,$44.36 
7/9/2019,$43.18 ,$44.23 ,$42.98 ,$44.20 ,"$5,251,600.00 ",2.362204724,$1.25 ,$44.22 
7/10/2019,$44.48 ,$44.80 ,$43.56 ,$43.70 ,"$9,746,500.00 ",-1.753597122,$1.24 ,$43.84 
7/11/2019,$44.10 ,$44.29 ,$43.31 ,$43.99 ,"$8,050,900.00 ",-0.249433107,$0.98 ,$43.80 
7/12/2019,$44.16 ,$44.24 ,$43.39 ,$43.99 ,"$8,760,500.00 ",-0.384963768,$0.85 ,$43.80 
7/15/2019,$44.20 ,$44.70 ,$43.97 ,$44.53 ,"$5,811,200.00 ",0.746606335,$0.73 ,$43.84 
7/16/2019,$44.60 ,$44.98 ,$44.02 ,$44.13 ,"$5,613,300.00 ",-1.053811659,$0.96 ,$43.93 
7/17/2019,$44.06 ,$44.35 ,$43.52 ,$43.62 ,"$5,854,100.00 ",-0.998638221,$0.83 ,$44.02 
7/18/2019,$43.50 ,$43.85 ,$43.19 ,$43.71 ,"$4,078,700.00 ",0.482758621,$0.66 ,$43.95 
7/19/2019,$43.90 ,$44.09 ,$43.16 ,$43.18 ,"$4,021,000.00 ",-1.640091116,$0.93 ,$43.88 
7/22/2019,$43.25 ,$43.72 ,$43.01 ,$43.69 ,"$3,815,300.00 ",1.01734104,$0.71 ,$43.84 
7/23/2019,$43.75 ,$44.31 ,$43.11 ,$43.36 ,"$5,110,100.00 ",-0.891428571,$1.20 ,$43.75 
7/24/2019,$43.36 ,$43.87 ,$43.36 ,$43.76 ,"$3,775,700.00 ",0.922509225,$0.51 ,$43.64 
7/25/2019,$43.72 ,$43.96 ,$43.21 ,$43.40 ,"$4,412,000.00 ",-0.731930467,$0.75 ,$43.53 
7/26/2019,$43.42 ,$44.96 ,$43.39 ,$44.52 ,"$7,598,800.00 ",2.533394749,$1.57 ,$43.66 
7/29/2019,$45.00 ,$45.63 ,$43.12 ,$43.88 ,"$8,652,200.00 ",-2.488888889,$2.51 ,$43.68 
7/30/2019,$43.71 ,$43.74 ,$42.49 ,$42.59 ,"$7,686,300.00 ",-2.562342713,$1.25 ,$43.60 
7/31/2019,$42.60 ,$42.98 ,$41.84 ,$42.14 ,"$5,970,800.00 ",-1.079812207,$1.14 ,$43.38 
8/1/2019,$42.14 ,$42.54 ,$41.00 ,$41.31 ,"$7,349,700.00 ",-1.969625059,$1.54 ,$43.09 
8/2/2019,$41.03 ,$41.06 ,$39.95 ,$40.40 ,"$8,225,700.00 ",-1.535461857,$1.11 ,$42.61 
8/5/2019,$39.35 ,$39.42 ,$38.43 ,$39.05 ,"$9,799,300.00 ",-0.762388818,$0.99 ,$41.98 
8/6/2019,$39.68 ,$40.81 ,$38.36 ,$39.15 ,"$8,570,300.00 ",-1.335685484,$2.45 ,$41.22 
8/7/2019,$39.06 ,$39.99 ,$38.32 ,$39.70 ,"$8,896,000.00 ",1.638504864,$1.67 ,$40.62 
8/8/2019,$41.98 ,$43.00 ,$41.25 ,$42.97 ,"$29,610,500.00 ",2.358265841,$1.75 ,$40.67 
8/9/2019,$39.56 ,$40.68 ,$38.71 ,$40.05 ,"$35,138,800.00 ",1.238624874,$1.97 ,$40.38 
8/12/2019,$39.83 ,$39.95 ,$37.00 ,$37.00 ,"$21,231,300.00 ",-7.105197088,$2.95 ,$39.76 
8/13/2019,$37.00 ,$37.46 ,$36.12 ,$36.45 ,"$18,990,600.00 ",-1.486486486,$1.34 ,$39.20 
8/14/2019,$36.00 ,$36.30 ,$33.36 ,$33.96 ,"$24,481,600.00 ",-5.666666667,$2.94 ,$38.47 
8/15/2019,$34.52 ,$34.55 ,$32.92 ,$33.22 ,"$13,265,800.00 ",-3.765932793,$1.63 ,$37.62 
8/16/2019,$33.46 ,$35.48 ,$33.40 ,$35.23 ,"$13,883,200.00 ",5.289898386,$2.08 ,$36.98 
8/19/2019,$35.53 ,$35.80 ,$34.37 ,$34.61 ,"$10,853,100.00 ",-2.589361103,$1.43 ,$35.79 
8/20/2019,$34.48 ,$36.07 ,$34.39 ,$35.29 ,"$10,760,700.00 ",2.349187935,$1.68 ,$35.11 
8/21/2019,$35.50 ,$35.83 ,$34.75 ,$34.91 ,"$7,923,000.00 ",-1.661971831,$1.08 ,$34.81 
8/22/2019,$34.80 ,$34.91 ,$33.52 ,$34.00 ,"$8,513,300.00 ",-2.298850575,$1.39 ,$34.46 
8/23/2019,$33.65 ,$34.23 ,$33.12 ,$33.43 ,"$8,160,600.00 ",-0.653789004,$1.11 ,$34.38 
8/26/2019,$33.67 ,$33.83 ,$33.06 ,$33.31 ,"$5,662,500.00 ",-1.069201069,$0.77 ,$34.40 
8/27/2019,$33.69 ,$34.24 ,$32.98 ,$33.11 ,"$6,574,800.00 ",-1.721579104,$1.26 ,$34.09 
8/28/2019,$32.56 ,$33.05 ,$32.26 ,$32.59 ,"$6,245,500.00 ",0.092137592,$0.79 ,$33.81 
8/29/2019,$32.90 ,$33.30 ,$32.60 ,$32.76 ,"$5,772,200.00 ",-0.425531915,$0.70 ,$33.44 
8/30/2019,$33.00 ,$33.13 ,$32.04 ,$32.57 ,"$6,628,700.00 ",-1.303030303,$1.09 ,$33.11 
9/3/2019,$32.10 ,$32.53 ,$30.67 ,$30.70 ,"$12,154,000.00 ",-4.361370717,$1.86 ,$32.64 
9/4/2019,$30.91 ,$32.36 ,$30.85 ,$31.99 ,"$10,357,600.00 ",3.494014882,$1.51 ,$32.43 
9/5/2019,$32.33 ,$33.03 ,$32.25 ,$32.51 ,"$7,933,300.00 ",0.556758429,$0.78 ,$32.32 
9/6/2019,$32.71 ,$32.74 ,$31.41 ,$31.86 ,"$7,036,000.00 ",-2.598593702,$1.33 ,$32.14 
9/9/2019,$32.05 ,$32.39 ,$31.46 ,$32.24 ,"$7,448,400.00 ",0.592823713,$0.93 ,$32.09 
9/10/2019,$32.00 ,$33.74 ,$31.65 ,$33.51 ,"$10,817,100.00 ",4.71875,$2.09 ,$32.20 
9/11/2019,$33.38 ,$35.14 ,$33.02 ,$34.00 ,"$14,715,800.00 ",1.857399641,$2.12 ,$32.40 
9/12/2019,$34.14 ,$34.49 ,$33.33 ,$34.07 ,"$7,734,800.00 ",-0.205038079,$1.16 ,$32.88 
9/13/2019,$34.25 ,$34.44 ,$32.94 ,$33.25 ,"$9,428,600.00 ",-2.919708029,$1.50 ,$33.06 
9/16/2019,$33.60 ,$34.80 ,$33.47 ,$34.43 ,"$7,942,600.00 ",2.470238095,$1.33 ,$33.34 
9/17/2019,$34.75 ,$34.75 ,$33.55 ,$34.29 ,"$5,561,300.00 ",-1.323741007,$1.20 ,$33.68 
9/18/2019,$34.35 ,$34.89 ,$33.75 ,$34.26 ,"$6,608,300.00 ",-0.262008734,$1.14 ,$33.97 
9/19/2019,$34.20 ,$34.64 ,$33.68 ,$33.82 ,"$6,869,600.00 ",-1.111111111,$0.96 ,$34.02 
9/20/2019,$33.98 ,$34.22 ,$32.50 ,$32.60 ,"$11,935,400.00 ",-4.061212478,$1.72 ,$33.82 
9/23/2019,$32.52 ,$33.01 ,$32.06 ,$33.00 ,"$5,513,000.00 ",1.47601476,$0.95 ,$33.66 
9/24/2019,$33.00 ,$33.15 ,$31.01 ,$31.30 ,"$10,579,900.00 ",-5.151515152,$2.14 ,$33.39 
9/25/2019,$31.27 ,$31.72 ,$30.76 ,$31.68 ,"$7,875,000.00 ",1.311160857,$0.96 ,$32.99 
9/26/2019,$31.72 ,$32.13 ,$31.13 ,$31.57 ,"$6,058,700.00 ",-0.472887768,$1.00 ,$32.60 
9/27/2019,$31.71 ,$31.90 ,$30.13 ,$30.29 ,"$11,846,700.00 ",-4.478082624,$1.77 ,$32.04 
9/30/2019,$30.40 ,$30.74 ,$30.17 ,$30.47 ,"$4,986,600.00 ",0.230263158,$0.57 ,$31.56 
10/1/2019,$30.37 ,$30.51 ,$28.65 ,$29.15 ,"$13,380,200.00 ",-4.01712216,$1.86 ,$31.07 
10/2/2019,$28.67 ,$29.55 ,$28.31 ,$29.00 ,"$8,782,400.00 ",1.15102895,$1.24 ,$30.49 
10/3/2019,$28.97 ,$29.88 ,$28.52 ,$29.72 ,"$9,412,000.00 ",2.588885054,$1.36 ,$30.27 
10/4/2019,$29.90 ,$30.18 ,$28.90 ,$29.67 ,"$8,597,700.00 ",-0.769230769,$1.28 ,$29.98 
10/7/2019,$30.60 ,$30.75 ,$29.83 ,$30.37 ,"$10,083,800.00 ",-0.751633987,$0.92 ,$29.81 
10/8/2019,$30.01 ,$30.15 ,$29.17 ,$29.28 ,"$7,769,100.00 ",-2.432522493,$0.98 ,$29.67 
10/9/2019,$29.62 ,$29.62 ,$28.81 ,$29.07 ,"$7,112,900.00 ",-1.856853477,$0.81 ,$29.47 
10/10/2019,$29.21 ,$29.28 ,$28.58 ,$28.87 ,"$7,716,300.00 ",-1.163984937,$0.70 ,$29.43 
10/11/2019,$28.95 ,$30.40 ,$28.94 ,$30.13 ,"$10,216,900.00 ",4.075993092,$1.46 ,$29.59 
10/14/2019,$30.22 ,$31.54 ,$29.82 ,$31.12 ,"$7,945,400.00 ",2.978160159,$1.72 ,$29.79 
10/15/2019,$31.20 ,$32.17 ,$31.20 ,$32.00 ,"$7,843,800.00 ",2.564102564,$0.97 ,$30.12 
10/16/2019,$31.80 ,$32.38 ,$31.44 ,$31.87 ,"$7,781,600.00 ",0.220125786,$0.94 ,$30.33 
10/17/2019,$31.80 ,$32.93 ,$31.45 ,$32.62 ,"$7,200,800.00 ",2.578616352,$1.48 ,$30.81 
10/18/2019,$32.55 ,$32.66 ,$31.27 ,$32.06 ,"$7,844,500.00 ",-1.505376344,$1.39 ,$31.24 
10/21/2019,$31.95 ,$32.28 ,$31.18 ,$31.41 ,"$7,203,400.00 ",-1.690140845,$1.10 ,$31.60 
10/22/2019,$31.41 ,$33.89 ,$30.22 ,$32.53 ,"$19,214,800.00 ",3.565743394,$3.67 ,$31.94 
10/23/2019,$32.87 ,$33.27 ,$32.17 ,$33.05 ,"$6,709,800.00 ",0.547611804,$1.10 ,$32.22 
10/24/2019,$33.00 ,$33.42 ,$32.51 ,$33.28 ,"$6,729,300.00 ",0.848484848,$0.91 ,$32.40 
10/25/2019,$33.20 ,$33.48 ,$32.61 ,$32.71 ,"$8,077,300.00 ",-1.475903614,$0.87 ,$32.52 
10/28/2019,$32.90 ,$33.36 ,$32.50 ,$33.22 ,"$7,532,800.00 ",0.972644377,$0.86 ,$32.61 
10/29/2019,$32.37 ,$32.92 ,$31.82 ,$32.42 ,"$9,319,200.00 ",0.15446401,$1.10 ,$32.66 
10/30/2019,$32.51 ,$33.80 ,$32.11 ,$33.75 ,"$10,732,700.00 ",3.814211012,$1.69 ,$32.99 
10/31/2019,$33.23 ,$33.36 ,$31.26 ,$31.50 ,"$15,912,400.00 ",-5.206139031,$2.10 ,$32.85 
11/1/2019,$31.45 ,$31.70 ,$30.74 ,$31.37 ,"$10,434,300.00 ",-0.254372019,$0.96 ,$32.61 
11/4/2019,$31.45 ,$31.75 ,$30.12 ,$31.08 ,"$28,787,400.00 ",-1.176470588,$1.63 ,$32.29 
11/5/2019,$29.13 ,$29.30 ,$27.97 ,$28.02 ,"$51,963,500.00 ",-3.810504634,$1.33 ,$31.62 
11/6/2019,$26.06 ,$27.55 ,$25.58 ,$26.94 ,"$130,965,700.00 ",3.376822717,$1.97 ,$30.73 
11/7/2019,$26.80 ,$27.42 ,$26.45 ,$27.38 ,"$65,861,400.00 ",2.164179104,$0.97 ,$30.01 
11/8/2019,$27.48 ,$27.62 ,$26.92 ,$27.01 ,"$44,923,600.00 ",-1.710334789,$0.70 ,$29.04 
11/11/2019,$27.03 ,$27.21 ,$26.23 ,$27.14 ,"$41,138,100.00 ",0.406955235,$0.98 ,$28.42 
11/12/2019,$27.38 ,$27.66 ,$26.66 ,$26.70 ,"$37,095,400.00 ",-2.483564646,$1.00 ,$27.75 
11/13/2019,$26.47 ,$26.82 ,$26.14 ,$26.71 ,"$32,678,300.00 ",0.906686815,$0.68 ,$27.13 
11/14/2019,$26.80 ,$26.86 ,$25.67 ,$25.99 ,"$27,893,900.00 ",-3.02238806,$1.19 ,$26.84 
11/15/2019,$26.18 ,$26.80 ,$25.96 ,$26.79 ,"$41,236,200.00 ",2.330022918,$0.84 ,$26.82 
11/18/2019,$26.80 ,$27.00 ,$26.30 ,$26.75 ,"$35,916,100.00 ",-0.186567164,$0.70 ,$26.73 
11/19/2019,$26.77 ,$27.22 ,$26.61 ,$27.05 ,"$31,793,500.00 ",1.045946956,$0.61 ,$26.73 
11/20/2019,$27.06 ,$28.40 ,$26.95 ,$28.03 ,"$52,746,600.00 ",3.584626755,$1.45 ,$26.86 
11/21/2019,$28.67 ,$29.60 ,$28.50 ,$29.46 ,"$54,551,400.00 ",2.755493547,$1.10 ,$27.25 
11/22/2019,$29.84 ,$30.13 ,$29.21 ,$29.56 ,"$42,302,900.00 ",-0.938337802,$0.92 ,$27.66 
11/25/2019,$28.69 ,$29.60 ,$28.38 ,$29.11 ,"$36,967,500.00 ",1.463924712,$1.22 ,$28.11 
11/26/2019,$29.49 ,$30.15 ,$29.36 ,$29.53 ,"$28,746,600.00 ",0.1356392,$0.79 ,$28.50 
11/27/2019,$29.42 ,$29.59 ,$28.88 ,$29.49 ,"$22,421,400.00 ",0.237933379,$0.71 ,$28.89 
11/29/2019,$29.41 ,$29.85 ,$29.25 ,$29.60 ,"$8,115,100.00 ",0.646038762,$0.60 ,$29.25 
12/2/2019,$29.32 ,$29.53 ,$28.70 ,$28.98 ,"$16,927,100.00 ",-1.159618008,$0.83 ,$29.39 
12/3/2019,$28.20 ,$29.33 ,$28.15 ,$29.02 ,"$25,252,400.00 ",2.907801418,$1.18 ,$29.33 
12/4/2019,$29.10 ,$29.20 ,$28.70 ,$29.06 ,"$22,517,600.00 ",-0.137457045,$0.50 ,$29.26 
12/5/2019,$28.94 ,$28.99 ,$28.18 ,$28.65 ,"$22,504,300.00 ",-1.002073255,$0.81 ,$29.19 
12/6/2019,$28.40 ,$28.92 ,$27.80 ,$27.86 ,"$32,816,100.00 ",-1.901408451,$1.12 ,$28.95 
12/9/2019,$27.96 ,$28.36 ,$27.68 ,$27.68 ,"$20,977,300.00 ",-1.001430615,$0.68 ,$28.69 
12/10/2019,$27.73 ,$27.99 ,$27.61 ,$27.89 ,"$23,602,700.00 ",0.576992427,$0.38 ,$28.45 
12/11/2019,$27.99 ,$28.55 ,$27.85 ,$28.42 ,"$23,281,700.00 ",1.536262951,$0.70 ,$28.37 
12/12/2019,$28.29 ,$28.75 ,$28.19 ,$28.69 ,"$23,569,900.00 ",1.413927183,$0.56 ,$28.32 
12/13/2019,$28.58 ,$28.84 ,$28.27 ,$28.49 ,"$25,431,600.00 ",-0.314905528,$0.57 ,$28.24 
12/16/2019,$29.11 ,$30.13 ,$29.10 ,$30.05 ,"$57,382,500.00 ",3.229130883,$1.03 ,$28.44 
12/17/2019,$30.37 ,$30.42 ,$29.53 ,$29.75 ,"$38,250,700.00 ",-2.041488311,$0.89 ,$28.71 
12/18/2019,$29.62 ,$30.14 ,$29.34 ,$30.13 ,"$35,375,100.00 ",1.721809588,$0.80 ,$29.06 
12/19/2019,$29.84 ,$30.17 ,$29.53 ,$29.99 ,"$33,799,700.00 ",0.502680965,$0.64 ,$29.36 
12/20/2019,$30.10 ,$31.03 ,$29.85 ,$30.45 ,"$95,455,100.00 ",1.162790698,$1.18 ,$29.65 
12/23/2019,$30.49 ,$30.94 ,$29.83 ,$30.33 ,"$31,209,100.00 ",-0.524762217,$1.11 ,$29.88 
12/24/2019,$30.33 ,$30.84 ,$30.11 ,$30.44 ,"$12,938,600.00 ",0.362677217,$0.73 ,$30.16 
12/26/2019,$30.47 ,$30.79 ,$30.03 ,$30.67 ,"$22,200,800.00 ",0.656383328,$0.76 ,$30.25 
12/27/2019,$30.80 ,$31.06 ,$30.17 ,$30.17 ,"$18,462,200.00 ",-2.045454545,$0.89 ,$30.31 
12/30/2019,$30.13 ,$30.20 ,$29.35 ,$29.74 ,"$18,805,900.00 ",-1.294390972,$0.85 ,$30.26 
12/31/2019,$29.11 ,$29.95 ,$28.90 ,$29.74 ,"$16,228,400.00 ",2.164204741,$1.05 ,$30.22 
1/2/2020,$29.94 ,$31.00 ,$29.79 ,$30.99 ,"$20,578,900.00 ",3.507014028,$1.21 ,$30.30 
1/3/2020,$30.62 ,$31.43 ,$30.48 ,$31.37 ,"$18,822,700.00 ",2.449379491,$0.95 ,$30.45 
1/6/2020,$31.01 ,$32.06 ,$31.00 ,$31.58 ,"$21,204,700.00 ",1.838116737,$1.06 ,$30.61 
1/7/2020,$31.79 ,$32.84 ,$31.36 ,$32.81 ,"$30,119,600.00 ",3.20855615,$1.48 ,$30.91 
1/8/2020,$32.73 ,$34.52 ,$32.46 ,$33.93 ,"$43,944,400.00 ",3.666361137,$2.06 ,$31.45 
1/9/2020,$34.45 ,$34.47 ,$33.22 ,$33.97 ,"$29,385,500.00 ",-1.393323657,$1.25 ,$32.06 
1/10/2020,$34.08 ,$34.99 ,$33.83 ,$34.01 ,"$34,266,400.00 ",-0.205399061,$1.16 ,$32.67 
1/13/2020,$34.29 ,$34.34 ,$33.55 ,$34.14 ,"$16,915,800.00 ",-0.437445319,$0.79 ,$33.12 
1/14/2020,$34.20 ,$35.02 ,$33.92 ,$34.84 ,"$26,019,000.00 ",1.871345029,$1.10 ,$33.61 
1/15/2020,$34.90 ,$35.15 ,$34.51 ,$35.01 ,"$20,762,200.00 ",0.315186246,$0.64 ,$34.10 
1/16/2020,$35.03 ,$35.06 ,$34.18 ,$34.68 ,"$21,947,800.00 ",-0.999143591,$0.88 ,$34.37 
1/17/2020,$34.97 ,$35.25 ,$34.65 ,$35.13 ,"$17,251,200.00 ",0.45753503,$0.60 ,$34.54 
1/21/2020,$35.50 ,$37.80 ,$35.41 ,$37.60 ,"$48,746,700.00 ",5.915492958,$2.39 ,$35.06 
1/22/2020,$37.94 ,$37.94 ,$36.92 ,$37.04 ,"$29,765,200.00 ",-2.372166579,$1.02 ,$35.49 
1/23/2020,$36.97 ,$37.95 ,$36.72 ,$37.40 ,"$21,366,000.00 ",1.16310522,$1.23 ,$35.96 
1/24/2020,$37.50 ,$37.67 ,$36.25 ,$36.80 ,"$21,598,000.00 ",-1.866666667,$1.42 ,$36.24 
1/27/2020,$35.23 ,$36.65 ,$34.19 ,$36.30 ,"$18,818,000.00 ",3.037184218,$2.46 ,$36.42 
1/28/2020,$37.14 ,$37.33 ,$36.04 ,$37.01 ,"$28,974,000.00 ",-0.350026925,$1.29 ,$36.75 
1/29/2020,$36.98 ,$37.56 ,$36.80 ,$36.99 ,"$16,863,000.00 ",0.027041644,$0.76 ,$37.02 
1/30/2020,$36.82 ,$37.13 ,$35.95 ,$36.68 ,"$22,847,000.00 ",-0.380228137,$1.18 ,$36.89 
1/31/2020,$37.00 ,$37.04 ,$35.69 ,$36.29 ,"$21,553,700.00 ",-1.918918919,$1.35 ,$36.78 
2/3/2020,$36.75 ,$37.64 ,$36.53 ,$37.59 ,"$23,494,600.00 ",2.285714286,$1.11 ,$36.81 
2/4/2020,$37.87 ,$38.99 ,$37.26 ,$38.53 ,"$32,425,900.00 ",1.742804331,$1.73 ,$37.06 
2/5/2020,$38.89 ,$38.97 ,$36.74 ,$36.81 ,"$38,413,300.00 ",-5.348418617,$2.23 ,$37.13 
2/6/2020,$37.30 ,$37.39 ,$36.73 ,$37.09 ,"$52,699,300.00 ",-0.563002681,$0.66 ,$37.14 
2/7/2020,$39.98 ,$41.00 ,$38.86 ,$40.63 ,"$112,325,800.00 ",1.625812906,$2.14 ,$37.66 
2/10/2020,$40.65 ,$41.34 ,$39.96 ,$40.01 ,"$60,840,800.00 ",-1.574415744,$1.38 ,$38.14 
2/11/2020,$40.25 ,$41.47 ,$40.05 ,$41.27 ,"$33,896,000.00 ",2.534161491,$1.42 ,$38.85 
2/12/2020,$41.50 ,$41.86 ,$41.06 ,$41.25 ,"$26,444,900.00 ",-0.602409639,$0.80 ,$39.37 
2/13/2020,$40.93 ,$41.55 ,$40.00 ,$40.09 ,"$23,850,900.00 ",-2.052284388,$1.55 ,$39.59 
2/14/2020,$40.02 ,$40.31 ,$38.70 ,$39.66 ,"$32,014,200.00 ",-0.899550225,$1.61 ,$40.00 
2/18/2020,$39.49 ,$40.27 ,$39.45 ,$40.18 ,"$22,149,300.00 ",1.747277792,$0.82 ,$40.44 
2/19/2020,$40.42 ,$41.23 ,$40.12 ,$41.05 ,"$23,287,300.00 ",1.558634339,$1.11 ,$40.50 
2/20/2020,$41.00 ,$41.19 ,$39.85 ,$40.92 ,"$25,446,400.00 ",-0.195121951,$1.34 ,$40.63 
2/21/2020,$40.89 ,$40.89 ,$40.05 ,$40.72 ,"$20,595,500.00 ",-0.415749572,$0.84 ,$40.55 
2/24/2020,$38.21 ,$39.14 ,$37.75 ,$38.31 ,"$37,123,200.00 ",0.261711594,$1.39 ,$40.13 
2/25/2020,$38.90 ,$39.15 ,$35.50 ,$35.89 ,"$49,281,600.00 ",-7.737789203,$3.65 ,$39.53 
2/26/2020,$35.53 ,$36.17 ,$33.89 ,$34.45 ,"$44,051,400.00 ",-3.039684773,$2.28 ,$38.79 
2/27/2020,$32.03 ,$34.16 ,$30.67 ,$32.45 ,"$66,557,200.00 ",1.311270684,$3.49 ,$37.68 
2/28/2020,$31.81 ,$34.29 ,$31.00 ,$33.87 ,"$52,049,300.00 ",6.475950959,$3.29 ,$36.66 
3/2/2020,$34.05 ,$34.08 ,$31.74 ,$32.85 ,"$46,662,000.00 ",-3.524229075,$2.34 ,$35.51 
3/3/2020,$34.02 ,$34.18 ,$31.90 ,$33.04 ,"$35,182,400.00 ",-2.880658436,$2.28 ,$34.41 
3/4/2020,$33.93 ,$35.34 ,$32.28 ,$34.53 ,"$44,738,600.00 ",1.768346596,$3.06 ,$33.87 
3/5/2020,$33.47 ,$33.57 ,$31.97 ,$32.21 ,"$32,764,500.00 ",-3.764565282,$1.60 ,$33.34 
3/6/2020,$31.23 ,$32.41 ,$30.45 ,$31.68 ,"$34,808,700.00 ",1.44092219,$1.96 ,$32.95 
3/9/2020,$28.50 ,$30.32 ,$28.15 ,$28.17 ,"$37,439,200.00 ",-1.157894737,$2.17 ,$32.34 
3/10/2020,$29.47 ,$29.86 ,$27.00 ,$28.97 ,"$36,308,300.00 ",-1.696640652,$2.86 ,$31.64 
3/11/2020,$27.91 ,$28.14 ,$25.61 ,$26.24 ,"$43,067,800.00 ",-5.983518452,$2.53 ,$30.69 
3/12/2020,$23.26 ,$24.69 ,$22.11 ,$22.61 ,"$54,042,000.00 ",-2.794496991,$2.58 ,$29.20 
3/13/2020,$24.01 ,$24.81 ,$21.13 ,$22.60 ,"$53,844,400.00 ",-5.872553103,$3.68 ,$27.50 
3/16/2020,$20.15 ,$21.49 ,$19.10 ,$20.29 ,"$56,914,000.00 ",0.694789082,$2.39 ,$25.79 
3/17/2020,$20.18 ,$20.31 ,$18.01 ,$18.91 ,"$60,003,900.00 ",-6.293359762,$2.30 ,$23.97 
3/18/2020,$17.76 ,$17.80 ,$13.71 ,$14.82 ,"$78,286,200.00 ",-16.55405405,$4.09 ,$22.06 
3/19/2020,$15.96 ,$21.26 ,$15.70 ,$20.49 ,"$83,988,700.00 ",28.38345865,$5.56 ,$20.85 
3/20/2020,$22.53 ,$23.89 ,$20.61 ,$21.33 ,"$76,529,700.00 ",-5.326231691,$3.28 ,$20.15 
3/23/2020,$21.07 ,$22.73 ,$19.73 ,$22.40 ,"$47,787,100.00 ",6.312292359,$3.00 ,$20.12 
3/24/2020,$24.41 ,$26.84 ,$23.59 ,$26.39 ,"$58,505,000.00 ",8.111429742,$3.25 ,$20.66 
3/25/2020,$26.18 ,$28.45 ,$25.31 ,$26.19 ,"$52,473,900.00 ",0.038197097,$3.14 ,$21.50 
3/26/2020,$26.60 ,$28.44 ,$25.78 ,$28.12 ,"$41,336,400.00 ",5.714285714,$2.66 ,$22.82 
3/27/2020,$25.82 ,$28.03 ,$25.07 ,$27.28 ,"$40,292,200.00 ",5.654531371,$2.96 ,$24.60 
3/30/2020,$26.33 ,$28.39 ,$25.31 ,$27.83 ,"$37,725,700.00 ",5.696923661,$3.08 ,$25.65 
3/31/2020,$27.75 ,$28.25 ,$26.92 ,$27.92 ,"$43,126,400.00 ",0.612612613,$1.33 ,$26.59 
4/1/2020,$26.50 ,$26.77 ,$24.81 ,$25.42 ,"$38,538,400.00 ",-4.075471698,$1.96 ,$27.02 
4/2/2020,$25.01 ,$25.20 ,$23.00 ,$23.68 ,"$35,838,200.00 ",-5.317872851,$2.20 ,$26.63 
4/3/2020,$23.73 ,$23.79 ,$21.67 ,$22.82 ,"$40,572,000.00 ",-3.83480826,$2.12 ,$26.15 
4/6/2020,$24.13 ,$26.09 ,$23.93 ,$25.99 ,"$34,692,600.00 ",7.708246995,$2.16 ,$25.85 
4/7/2020,$27.95 ,$28.11 ,$25.50 ,$25.74 ,"$36,433,800.00 ",-7.906976744,$2.61 ,$25.63 
4/8/2020,$26.00 ,$27.88 ,$25.79 ,$26.94 ,"$36,166,900.00 ",3.615384615,$2.09 ,$25.50 
4/9/2020,$27.88 ,$28.89 ,$26.46 ,$27.11 ,"$36,190,200.00 ",-2.761836442,$2.43 ,$25.39 
4/13/2020,$27.04 ,$28.08 ,$26.47 ,$27.99 ,"$24,671,600.00 ",3.513313609,$1.61 ,$25.75 
4/14/2020,$28.00 ,$28.77 ,$27.01 ,$27.75 ,"$32,625,300.00 ",-0.892857143,$1.76 ,$26.33 
4/15/2020,$26.82 ,$27.79 ,$26.44 ,$27.41 ,"$18,720,900.00 ",2.199850858,$1.35 ,$26.99 
4/16/2020,$27.21 ,$28.05 ,$26.46 ,$27.03 ,"$24,088,700.00 ",-0.661521499,$1.59 ,$27.14 
4/17/2020,$28.69 ,$28.79 ,$27.26 ,$28.00 ,"$34,129,800.00 ",-2.40501917,$1.53 ,$27.46 
4/20/2020,$27.07 ,$28.76 ,$26.90 ,$28.19 ,"$32,224,000.00 ",4.1374215,$1.86 ,$27.64 
4/21/2020,$27.50 ,$28.15 ,$26.60 ,$27.19 ,"$20,969,100.00 ",-1.127272727,$1.55 ,$27.65 
4/22/2020,$27.97 ,$28.56 ,$27.51 ,$28.24 ,"$21,199,400.00 ",0.965319986,$1.05 ,$27.69 
4/23/2020,$28.75 ,$29.25 ,$28.24 ,$28.33 ,"$26,992,400.00 ",-1.460869565,$1.01 ,$27.77 
4/24/2020,$28.51 ,$29.59 ,$28.14 ,$29.49 ,"$20,634,900.00 ",3.437390389,$1.45 ,$28.07 
4/27/2020,$29.74 ,$30.49 ,$29.41 ,$30.08 ,"$31,705,800.00 ",1.143241426,$1.08 ,$28.50 
4/28/2020,$31.00 ,$31.83 ,$29.36 ,$30.12 ,"$27,383,200.00 ",-2.838709677,$2.47 ,$28.81 
4/29/2020,$31.00 ,$32.00 ,$30.33 ,$31.37 ,"$28,288,100.00 ",1.193548387,$1.67 ,$29.26 
4/30/2020,$30.50 ,$31.05 ,$29.75 ,$30.27 ,"$20,095,400.00 ",-0.754098361,$1.30 ,$29.70 
5/1/2020,$29.13 ,$29.72 ,$28.33 ,$28.39 ,"$19,290,200.00 ",-2.540336423,$1.39 ,$29.72 
5/4/2020,$27.56 ,$28.07 ,$26.58 ,$27.42 ,"$23,428,300.00 ",-0.507982583,$1.49 ,$29.59 
5/5/2020,$28.25 ,$28.91 ,$27.44 ,$28.07 ,"$30,725,400.00 ",-0.637168142,$1.47 ,$29.39 
5/6/2020,$27.50 ,$28.06 ,$26.81 ,$27.82 ,"$31,076,500.00 ",1.163636364,$1.25 ,$29.07 
5/7/2020,$29.60 ,$31.65 ,$29.58 ,$30.93 ,"$62,229,500.00 ",4.493243243,$2.07 ,$29.18 
5/8/2020,$32.59 ,$33.30 ,$31.64 ,$32.79 ,"$69,458,100.00 ",0.61368518,$1.66 ,$29.38 
5/11/2020,$31.98 ,$32.38 ,$31.41 ,$31.64 ,"$26,439,200.00 ",-1.063164478,$0.97 ,$29.58 
5/12/2020,$31.42 ,$34.45 ,$30.41 ,$32.40 ,"$89,586,000.00 ",3.119032463,$4.04 ,$30.15 
5/13/2020,$32.30 ,$33.06 ,$30.83 ,$33.02 ,"$47,279,500.00 ",2.229102167,$2.23 ,$30.95 
5/14/2020,$32.53 ,$33.04 ,$31.24 ,$32.79 ,"$32,912,600.00 ",0.799262219,$1.80 ,$31.63 
5/15/2020,$32.26 ,$32.89 ,$31.59 ,$32.47 ,"$25,950,000.00 ",0.650960942,$1.30 ,$32.29 
5/18/2020,$33.70 ,$36.00 ,$32.99 ,$33.62 ,"$47,534,600.00 ",-0.237388724,$3.01 ,$32.68 
5/19/2020,$33.68 ,$34.00 ,$32.86 ,$33.40 ,"$20,223,600.00 ",-0.831353919,$1.14 ,$32.76 
5/20/2020,$34.12 ,$34.77 ,$33.82 ,$34.48 ,"$21,386,700.00 ",1.055099648,$0.95 ,$33.17 
5/21/2020,$34.45 ,$35.01 ,$33.47 ,$34.26 ,"$24,075,300.00 ",-0.551523948,$1.54 ,$33.43 
5/22/2020,$34.15 ,$34.93 ,$33.57 ,$34.83 ,"$18,675,700.00 ",1.991215227,$1.36 ,$33.69 
5/26/2020,$35.97 ,$36.00 ,$34.50 ,$34.56 ,"$23,483,200.00 ",-3.919933278,$1.50 ,$33.95 
5/27/2020,$34.42 ,$35.00 ,$33.10 ,$34.88 ,"$27,514,600.00 ",1.336432307,$1.90 ,$34.29 
5/28/2020,$34.90 ,$35.10 ,$33.82 ,$34.15 ,"$21,951,900.00 ",-2.148997135,$1.28 ,$34.37 
5/29/2020,$34.18 ,$36.45 ,$34.00 ,$36.32 ,"$72,393,800.00 ",6.260971328,$2.45 ,$34.78 
6/1/2020,$35.64 ,$36.39 ,$35.16 ,$35.82 ,"$21,893,800.00 ",0.505050505,$1.23 ,$34.97 
6/2/2020,$36.16 ,$36.42 ,$35.26 ,$35.81 ,"$19,328,400.00 ",-0.967920354,$1.16 ,$35.20 
6/3/2020,$36.20 ,$37.37 ,$36.14 ,$36.75 ,"$23,051,800.00 ",1.519337017,$1.23 ,$35.47 
6/4/2020,$36.42 ,$37.30 ,$36.28 ,$36.43 ,"$17,423,600.00 ",0.027457441,$1.02 ,$35.74 
6/5/2020,$37.53 ,$38.78 ,$36.92 ,$37.21 ,"$30,393,400.00 ",-0.852651212,$1.86 ,$36.07 
6/8/2020,$37.87 ,$37.90 ,$36.09 ,$37.08 ,"$30,099,500.00 ",-2.086083971,$1.81 ,$36.49 
6/9/2020,$36.70 ,$37.33 ,$36.25 ,$36.59 ,"$15,127,300.00 ",-0.29972752,$1.08 ,$36.53 
6/10/2020,$36.69 ,$36.80 ,$34.26 ,$34.83 ,"$43,473,700.00 ",-5.069501226,$2.54 ,$36.39 
6/11/2020,$32.63 ,$33.24 ,$30.89 ,$31.10 ,"$45,298,700.00 ",-4.688936561,$2.35 ,$35.71 
6/12/2020,$32.73 ,$32.74 ,$31.04 ,$32.24 ,"$27,685,200.00 ",-1.497097464,$1.70 ,$35.07 
6/15/2020,$31.16 ,$32.68 ,$31.02 ,$32.67 ,"$21,350,300.00 ",4.845956354,$1.66 ,$34.53 
6/16/2020,$34.00 ,$34.17 ,$32.43 ,$33.49 ,"$21,377,100.00 ",-1.5,$1.74 ,$34.00 
6/17/2020,$33.50 ,$33.60 ,$33.01 ,$33.29 ,"$14,827,700.00 ",-0.626865672,$0.59 ,$33.46 
6/18/2020,$33.00 ,$33.44 ,$32.80 ,$33.40 ,"$15,495,800.00 ",1.212121212,$0.64 ,$33.00 
6/19/2020,$33.98 ,$34.02 ,$32.27 ,$32.30 ,"$29,426,300.00 ",-4.944084756,$1.75 ,$32.64 
6/22/2020,$32.43 ,$32.85 ,$31.43 ,$32.68 ,"$17,790,300.00 ",0.77089115,$1.42 ,$32.87 
6/23/2020,$32.88 ,$33.21 ,$32.59 ,$33.05 ,"$13,622,100.00 ",0.51703163,$0.62 ,$32.98 
6/24/2020,$32.75 ,$32.93 ,$30.46 ,$30.46 ,"$29,477,200.00 ",-6.992366412,$2.47 ,$32.67 
6/25/2020,$30.00 ,$30.86 ,$29.56 ,$30.58 ,"$19,142,800.00 ",1.933333333,$1.30 ,$32.25 
6/26/2020,$30.44 ,$30.44 ,$29.21 ,$29.61 ,"$46,482,300.00 ",-2.726675427,$1.23 ,$31.73 
6/29/2020,$29.51 ,$29.75 ,$28.39 ,$29.63 ,"$20,795,400.00 ",0.406641816,$1.36 ,$31.19 
6/30/2020,$30.83 ,$31.25 ,$30.13 ,$31.08 ,"$21,282,800.00 ",0.810898476,$1.12 ,$31.01 
7/1/2020,$30.96 ,$31.26 ,$30.16 ,$30.43 ,"$13,611,500.00 ",-1.711886305,$1.10 ,$30.69 
7/2/2020,$31.02 ,$31.57 ,$30.51 ,$30.68 ,"$14,981,100.00 ",-1.096067054,$1.06 ,$30.35 
7/6/2020,$33.10 ,$33.20 ,$31.76 ,$32.52 ,"$42,392,200.00 ",-1.752265861,$1.44 ,$30.65 
7/7/2020,$32.46 ,$33.56 ,$32.39 ,$32.82 ,"$34,874,700.00 ",1.109057301,$1.17 ,$30.97 
7/8/2020,$33.21 ,$33.97 ,$32.68 ,$33.93 ,"$24,602,400.00 ",2.16802168,$1.29 ,$31.58 
7/9/2020,$34.24 ,$34.46 ,$32.26 ,$33.15 ,"$25,061,800.00 ",-3.183411215,$2.20 ,$32.09 
7/10/2020,$33.14 ,$33.55 ,$32.65 ,$33.14 ,"$13,586,300.00 ",0,$0.90 ,$32.38 
7/13/2020,$33.21 ,$33.60 ,$31.66 ,$31.72 ,"$19,604,800.00 ",-4.486600422,$1.94 ,$32.57 
7/14/2020,$31.35 ,$31.38 ,$30.48 ,$30.93 ,"$21,781,800.00 ",-1.339712919,$0.90 ,$32.60 
7/15/2020,$32.10 ,$32.97 ,$31.68 ,$32.81 ,"$20,976,500.00 ",2.211838006,$1.29 ,$32.64 
7/16/2020,$32.05 ,$32.59 ,$31.55 ,$32.35 ,"$11,090,800.00 ",0.936037441,$1.04 ,$32.58 
7/17/2020,$32.58 ,$32.82 ,$31.85 ,$32.55 ,"$13,658,700.00 ",-0.092081031,$0.97 ,$32.38 
7/20/2020,$32.48 ,$33.92 ,$32.35 ,$33.66 ,"$16,213,600.00 ",3.633004926,$1.57 ,$32.45 
7/21/2020,$34.16 ,$34.23 ,$32.53 ,$32.55 ,"$16,725,100.00 ",-4.713114754,$1.70 ,$32.37 
7/22/2020,$32.44 ,$32.88 ,$32.33 ,$32.66 ,"$12,128,400.00 ",0.678175092,$0.55 ,$32.50 
7/23/2020,$32.33 ,$33.02 ,$31.98 ,$32.17 ,"$12,749,800.00 ",-0.494896381,$1.04 ,$32.68 
7/24/2020,$31.74 ,$31.80 ,$30.47 ,$31.18 ,"$16,896,100.00 ",-1.764335224,$1.33 ,$32.45 
7/27/2020,$31.21 ,$31.60 ,$30.75 ,$30.99 ,"$10,182,300.00 ",-0.704902275,$0.85 ,$32.25 
7/28/2020,$30.79 ,$31.24 ,$30.35 ,$30.81 ,"$12,977,100.00 ",0.064956155,$0.89 ,$32.00 
7/29/2020,$30.92 ,$31.26 ,$30.77 ,$31.02 ,"$8,215,900.00 ",0.323415265,$0.49 ,$31.63 
7/30/2020,$30.65 ,$30.68 ,$29.97 ,$30.24 ,"$13,062,900.00 ",-1.337683524,$0.71 ,$31.30 
7/31/2020,$30.40 ,$30.42 ,$29.79 ,$30.26 ,"$16,346,800.00 ",-0.460526316,$0.63 ,$30.95 
8/3/2020,$30.24 ,$31.30 ,$30.06 ,$31.19 ,"$17,078,900.00 ",3.141534392,$1.24 ,$30.81 
8/4/2020,$31.17 ,$32.85 ,$31.17 ,$32.68 ,"$21,958,100.00 ",4.844401668,$1.68 ,$31.03 
8/5/2020,$33.10 ,$33.32 ,$32.50 ,$33.20 ,"$16,987,800.00 ",0.302114804,$0.82 ,$31.34 
8/6/2020,$33.27 ,$34.79 ,$33.21 ,$34.71 ,"$38,601,500.00 ",4.328223625,$1.58 ,$31.90 
8/7/2020,$33.09 ,$33.70 ,$32.45 ,$32.90 ,"$39,071,200.00 ",-0.574191599,$1.25 ,$32.17 
8/10/2020,$33.04 ,$33.18 ,$31.51 ,$32.27 ,"$21,347,600.00 ",-2.330508475,$1.67 ,$32.46 
8/11/2020,$31.66 ,$32.21 ,$30.65 ,$31.21 ,"$31,569,900.00 ",-1.421351864,$1.56 ,$32.59 
8/12/2020,$31.46 ,$32.22 ,$30.69 ,$30.84 ,"$23,375,900.00 ",-1.970756516,$1.53 ,$32.54 
8/13/2020,$30.52 ,$31.33 ,$30.32 ,$30.46 ,"$21,976,800.00 ",-0.196592398,$1.01 ,$32.23 
8/14/2020,$30.40 ,$30.49 ,$29.82 ,$29.99 ,"$17,631,600.00 ",-1.348684211,$0.67 ,$31.77 
8/17/2020,$30.05 ,$30.12 ,$29.14 ,$29.48 ,"$18,544,700.00 ",-1.896838602,$0.98 ,$31.02 
8/18/2020,$29.50 ,$30.46 ,$29.41 ,$30.08 ,"$29,398,200.00 ",1.966101695,$1.05 ,$30.62 
8/19/2020,$30.15 ,$30.35 ,$29.39 ,$29.42 ,"$14,050,300.00 ",-2.421227197,$0.96 ,$30.21 
8/20/2020,$29.13 ,$31.70 ,$28.48 ,$31.41 ,"$56,663,300.00 ",7.826982492,$3.22 ,$30.24 
8/21/2020,$31.39 ,$31.82 ,$30.71 ,$30.83 ,"$20,217,000.00 ",-1.784007646,$1.11 ,$30.24 
8/24/2020,$30.97 ,$31.30 ,$30.37 ,$31.04 ,"$17,406,200.00 ",0.226025186,$0.93 ,$30.32 
8/25/2020,$31.04 ,$31.19 ,$30.60 ,$31.19 ,"$10,056,800.00 ",0.483247423,$0.59 ,$30.49 
8/26/2020,$31.01 ,$32.71 ,$30.95 ,$32.30 ,"$20,599,800.00 ",4.159948404,$1.76 ,$30.90 
8/27/2020,$32.40 ,$33.07 ,$32.27 ,$32.80 ,"$21,306,500.00 ",1.234567901,$0.80 ,$31.28 
8/28/2020,$33.00 ,$33.94 ,$32.82 ,$33.80 ,"$17,825,600.00 ",2.424242424,$1.12 ,$31.91 
8/31/2020,$33.62 ,$33.92 ,$33.14 ,$33.63 ,"$14,980,600.00 ",0.0297442,$0.78 ,$32.23 
9/1/2020,$33.45 ,$34.51 ,$33.15 ,$34.30 ,"$16,013,900.00 ",2.541106129,$1.36 ,$32.72 
9/2/2020,$34.21 ,$34.51 ,$33.29 ,$34.37 ,"$16,552,700.00 ",0.467699503,$1.22 ,$33.20 
9/3/2020,$34.08 ,$34.74 ,$32.95 ,$33.41 ,"$17,288,800.00 ",-1.965962441,$1.79 ,$33.52 
9/4/2020,$33.33 ,$33.65 ,$31.55 ,$33.24 ,"$17,480,600.00 ",-0.270027003,$2.10 ,$33.65 
9/8/2020,$32.36 ,$35.10 ,$32.16 ,$34.32 ,"$33,683,500.00 ",6.056860321,$2.94 ,$33.87 
9/9/2020,$34.11 ,$35.50 ,$34.11 ,$35.01 ,"$22,803,500.00 ",2.638522427,$1.39 ,$34.04 
9/10/2020,$35.20 ,$36.78 ,$35.19 ,$35.98 ,"$35,468,300.00 ",2.215909091,$1.59 ,$34.38 
9/11/2020,$36.30 ,$37.15 ,$36.25 ,$36.98 ,"$27,130,900.00 ",1.873278237,$0.90 ,$34.76 
9/14/2020,$37.10 ,$38.00 ,$37.08 ,$37.95 ,"$28,016,000.00 ",2.291105121,$0.92 ,$35.27 
9/15/2020,$37.95 ,$38.48 ,$37.27 ,$37.47 ,"$23,532,600.00 ",-1.264822134,$1.21 ,$35.85 
9/16/2020,$37.39 ,$38.52 ,$37.39 ,$37.66 ,"$21,787,100.00 ",0.722118213,$1.13 ,$36.48 
9/17/2020,$36.68 ,$37.45 ,$36.14 ,$37.06 ,"$23,534,800.00 ",1.035986914,$1.31 ,$36.87 
9/18/2020,$37.15 ,$37.56 ,$36.39 ,$37.12 ,"$68,428,600.00 ",-0.080753701,$1.17 ,$37.17 
9/21/2020,$35.86 ,$36.58 ,$35.12 ,$36.49 ,"$19,100,800.00 ",1.756832125,$1.46 ,$37.25 
9/22/2020,$36.53 ,$36.55 ,$34.10 ,$34.40 ,"$28,242,800.00 ",-5.83082398,$2.45 ,$36.88 
9/23/2020,$34.45 ,$34.81 ,$33.40 ,$33.55 ,"$15,796,900.00 ",-2.612481858,$1.41 ,$36.25 
9/24/2020,$33.66 ,$34.00 ,$32.89 ,$33.35 ,"$16,404,100.00 ",-0.92097445,$1.11 ,$35.66 
9/25/2020,$33.20 ,$34.50 ,$33.20 ,$34.46 ,"$10,736,300.00 ",3.795180723,$1.30 ,$35.20 
9/28/2020,$35.80 ,$36.63 ,$35.26 ,$35.56 ,"$22,878,400.00 ",-0.670391061,$1.37 ,$34.99 
9/29/2020,$35.56 ,$35.65 ,$34.60 ,$35.43 ,"$16,488,700.00 ",-0.365579303,$1.05 ,$34.75 
9/30/2020,$35.28 ,$36.50 ,$35.28 ,$36.48 ,"$21,386,300.00 ",3.401360544,$1.22 ,$34.75 
10/1/2020,$36.86 ,$37.83 ,$36.58 ,$37.14 ,"$19,187,500.00 ",0.759631036,$1.25 ,$35.14 
10/2/2020,$36.00 ,$37.99 ,$35.94 ,$37.72 ,"$20,123,400.00 ",4.777777778,$2.05 ,$35.73 
10/5/2020,$37.70 ,$38.00 ,$36.88 ,$37.14 ,"$13,093,100.00 ",-1.485411141,$1.12 ,$36.28 
10/6/2020,$37.17 ,$37.37 ,$36.04 ,$36.26 ,"$13,074,700.00 ",-2.448210923,$1.33 ,$36.53 
10/7/2020,$36.59 ,$37.11 ,$36.37 ,$36.78 ,"$13,782,100.00 ",0.519267559,$0.74 ,$36.71 
10/8/2020,$37.00 ,$37.83 ,$36.96 ,$37.34 ,"$12,212,400.00 ",0.918918919,$0.87 ,$36.98 
10/9/2020,$37.91 ,$38.35 ,$37.19 ,$37.27 ,"$13,172,000.00 ",-1.688208916,$1.16 ,$37.09 
10/12/2020,$37.56 ,$37.56 ,$36.17 ,$36.26 ,"$16,569,400.00 ",-3.46112886,$1.39 ,$36.97 
10/13/2020,$36.22 ,$36.23 ,$35.02 ,$35.56 ,"$15,463,100.00 ",-1.822197681,$1.21 ,$36.66 
10/14/2020,$35.69 ,$36.09 ,$35.08 ,$35.11 ,"$15,397,200.00 ",-1.625105071,$1.01 ,$36.37 
10/15/2020,$34.68 ,$34.81 ,$34.02 ,$34.26 ,"$15,443,800.00 ",-1.211072664,$0.79 ,$36.08 
10/16/2020,$34.78 ,$34.80 ,$33.61 ,$33.72 ,"$14,899,700.00 ",-3.04772858,$1.19 ,$35.65 
10/19/2020,$34.16 ,$34.59 ,$34.00 ,$34.22 ,"$19,278,600.00 ",0.175644028,$0.59 ,$35.20 
10/20/2020,$34.53 ,$36.76 ,$34.53 ,$36.31 ,"$29,820,700.00 ",5.154937735,$2.23 ,$35.06 
10/21/2020,$36.25 ,$36.25 ,$34.88 ,$35.20 ,"$19,058,700.00 ",-2.896551724,$1.37 ,$34.91 
10/22/2020,$35.42 ,$36.89 ,$34.92 ,$36.70 ,"$14,243,600.00 ",3.613777527,$1.97 ,$35.07 
10/23/2020,$36.50 ,$36.99 ,$35.92 ,$36.75 ,"$15,960,600.00 ",0.684931507,$1.07 ,$35.31 
10/26/2020,$36.50 ,$36.74 ,$35.12 ,$35.49 ,"$12,511,700.00 ",-2.767123288,$1.62 ,$35.48 
10/27/2020,$35.51 ,$35.70 ,$34.02 ,$34.16 ,"$13,692,100.00 ",-3.801745987,$1.68 ,$35.55 
10/28/2020,$33.62 ,$33.66 ,$32.90 ,$33.65 ,"$15,787,900.00 ",0.0892326,$0.76 ,$35.47 
10/29/2020,$33.71 ,$34.94 ,$33.33 ,$34.06 ,"$13,735,300.00 ",1.038267576,$1.61 ,$35.14 
10/30/2020,$33.91 ,$34.39 ,$33.15 ,$33.41 ,"$13,506,200.00 ",-1.474491301,$1.24 ,$34.89 
11/2/2020,$34.15 ,$35.05 ,$34.06 ,$34.81 ,"$18,350,500.00 ",1.932650073,$0.99 ,$34.62 
11/3/2020,$35.27 ,$36.15 ,$35.15 ,$35.77 ,"$16,208,800.00 ",1.417635384,$1.00 ,$34.48 
11/4/2020,$40.66 ,$42.15 ,$39.00 ,$40.99 ,"$101,818,200.00 ",0.81160846,$3.15 ,$35.26 
11/5/2020,$40.33 ,$42.05 ,$40.01 ,$41.96 ,"$34,177,600.00 ",4.041656335,$2.04 ,$36.38 
11/6/2020,$42.09 ,$45.38 ,$41.62 ,$44.87 ,"$57,670,700.00 ",6.604894274,$3.76 ,$37.98 
11/9/2020,$48.01 ,$49.62 ,$47.30 ,$48.18 ,"$61,632,300.00 ",0.354092897,$2.32 ,$40.00 
11/10/2020,$46.74 ,$49.36 ,$46.04 ,$47.00 ,"$33,079,800.00 ",0.556268721,$3.32 ,$41.94 
11/11/2020,$46.72 ,$47.52 ,$45.91 ,$46.23 ,"$19,213,700.00 ",-1.04880137,$1.61 ,$43.57 
11/12/2020,$45.39 ,$47.47 ,$45.05 ,$46.40 ,"$16,251,600.00 ",2.225159727,$2.42 ,$45.09 
11/13/2020,$47.11 ,$47.79 ,$45.93 ,$47.61 ,"$15,552,400.00 ",1.061345786,$1.86 ,$46.04 
11/16/2020,$48.74 ,$50.09 ,$48.48 ,$49.21 ,"$29,301,700.00 ",0.964300369,$1.61 ,$47.07 
11/17/2020,$48.72 ,$49.62 ,$48.50 ,$48.89 ,"$16,638,300.00 ",0.348932677,$1.12 ,$47.65 
11/18/2020,$48.77 ,$49.95 ,$48.33 ,$49.11 ,"$17,783,500.00 ",0.697149887,$1.62 ,$47.78 
11/19/2020,$49.10 ,$49.91 ,$48.65 ,$49.26 ,"$13,480,300.00 ",0.32586558,$1.26 ,$48.10 
11/20/2020,$49.98 ,$50.75 ,$48.27 ,$48.43 ,"$17,330,400.00 ",-3.101240496,$2.48 ,$48.42 
11/23/2020,$48.66 ,$50.88 ,$48.51 ,$50.04 ,"$17,147,100.00 ",2.836004932,$2.37 ,$48.94 
11/24/2020,$50.62 ,$52.15 ,$50.48 ,$51.26 ,"$16,216,200.00 ",1.264322402,$1.67 ,$49.46 
11/25/2020,$51.27 ,$51.45 ,$49.92 ,$50.80 ,"$11,641,600.00 ",-0.916715428,$1.53 ,$49.68 
11/27/2020,$50.93 ,$51.19 ,$50.20 ,$50.72 ,"$8,339,200.00 ",-0.41233065,$0.99 ,$49.95 
11/30/2020,$50.22 ,$51.01 ,$48.53 ,$49.66 ,"$17,221,500.00 ",-1.115093588,$2.48 ,$50.02 
12/1/2020,$50.00 ,$51.41 ,$49.07 ,$49.63 ,"$20,605,500.00 ",-0.74,$2.34 ,$50.08 
12/2/2020,$49.26 ,$53.45 ,$48.53 ,$53.09 ,"$30,381,500.00 ",7.775071052,$4.92 ,$50.74 
12/3/2020,$53.30 ,$53.49 ,$52.12 ,$52.52 ,"$13,122,400.00 ",-1.463414634,$1.37 ,$51.10 
12/4/2020,$52.71 ,$54.86 ,$52.71 ,$54.86 ,"$22,207,900.00 ",4.078922406,$2.15 ,$51.61 
12/7/2020,$54.59 ,$54.87 ,$53.65 ,$53.80 ,"$13,764,400.00 ",-1.447151493,$1.22 ,$52.04 
12/8/2020,$52.40 ,$54.22 ,$52.35 ,$53.01 ,"$26,167,300.00 ",1.164122137,$1.87 ,$52.37 
12/9/2020,$53.98 ,$56.02 ,$53.06 ,$53.79 ,"$46,777,900.00 ",-0.351982216,$2.96 ,$52.96 
12/10/2020,$52.33 ,$54.62 ,$51.30 ,$54.35 ,"$20,207,700.00 ",3.860118479,$3.32 ,$53.63 
12/11/2020,$54.47 ,$55.03 ,$52.33 ,$52.63 ,"$16,817,900.00 ",-3.378006242,$2.70 ,$53.57 
12/14/2020,$53.27 ,$53.44 ,$51.24 ,$51.46 ,"$19,048,500.00 ",-3.39778487,$2.20 ,$53.41 
12/15/2020,$52.12 ,$52.83 ,$50.87 ,$51.00 ,"$17,504,700.00 ",-2.148887183,$1.96 ,$52.86 
12/16/2020,$51.18 ,$51.68 ,$50.29 ,$50.49 ,"$19,577,800.00 ",-1.348182884,$1.39 ,$52.39 
12/17/2020,$50.59 ,$51.30 ,$50.17 ,$50.63 ,"$19,688,300.00 ",0.079067009,$1.13 ,$52.05 
12/18/2020,$50.81 ,$50.95 ,$49.52 ,$50.62 ,"$24,355,200.00 ",-0.373942137,$1.43 ,$51.60 
12/21/2020,$49.00 ,$52.35 ,$48.79 ,$51.80 ,"$23,562,900.00 ",5.714285714,$3.56 ,$51.23 
12/22/2020,$52.11 ,$54.36 ,$51.92 ,$53.78 ,"$23,871,800.00 ",3.204759163,$2.44 ,$51.40 
12/23/2020,$53.80 ,$54.09 ,$52.99 ,$53.71 ,"$12,671,100.00 ",-0.167286245,$1.10 ,$51.72 
12/24/2020,$53.60 ,$53.63 ,$52.29 ,$52.88 ,"$6,316,800.00 ",-1.343283582,$1.34 ,$51.99 
12/28/2020,$53.02 ,$53.13 ,$51.56 ,$51.97 ,"$12,059,000.00 ",-1.98038476,$1.57 ,$52.20 
12/29/2020,$52.33 ,$52.99 ,$51.47 ,$52.27 ,"$10,140,600.00 ",-0.114656985,$1.52 ,$52.43 
12/30/2020,$52.72 ,$53.85 ,$52.22 ,$53.15 ,"$9,518,600.00 ",0.815629742,$1.63 ,$52.79 
12/31/2020,$53.28 ,$53.28 ,$51.00 ,$51.00 ,"$13,282,800.00 ",-4.279279279,$2.28 ,$52.68 
1/4/2021,$52.22 ,$52.32 ,$49.63 ,$51.14 ,"$17,291,800.00 ",-2.068173114,$2.69 ,$52.30 
1/5/2021,$51.00 ,$54.19 ,$50.76 ,$54.01 ,"$21,403,200.00 ",5.901960784,$3.43 ,$52.35 
1/6/2021,$53.31 ,$54.07 ,$52.00 ,$52.48 ,"$17,738,100.00 ",-1.556931157,$2.07 ,$52.29 
1/7/2021,$53.37 ,$56.25 ,$53.20 ,$56.13 ,"$23,737,500.00 ",5.171444632,$3.05 ,$52.88 
1/8/2021,$54.40 ,$54.79 ,$52.58 ,$53.28 ,"$37,999,400.00 ",-2.058823529,$2.21 ,$53.03 
1/11/2021,$53.11 ,$55.00 ,$52.99 ,$54.59 ,"$23,213,800.00 ",2.786669177,$2.01 ,$53.23 
1/12/2021,$55.50 ,$59.39 ,$55.00 ,$58.54 ,"$52,128,200.00 ",5.477477477,$4.39 ,$54.31 
1/13/2021,$58.54 ,$59.88 ,$57.53 ,$59.40 ,"$24,178,500.00 ",1.46908097,$2.35 ,$55.49 
1/14/2021,$60.00 ,$60.03 ,$56.70 ,$56.91 ,"$26,561,000.00 ",-5.15,$3.33 ,$55.90 
1/15/2021,$57.49 ,$57.90 ,$55.00 ,$55.52 ,"$23,708,800.00 ",-3.426682901,$2.90 ,$56.34 
1/19/2021,$56.39 ,$56.84 ,$55.00 ,$56.30 ,"$16,953,700.00 ",-0.159602766,$1.84 ,$56.36 
1/20/2021,$57.00 ,$57.98 ,$55.47 ,$56.38 ,"$16,904,300.00 ",-1.087719298,$2.51 ,$56.81 
1/21/2021,$56.57 ,$57.00 ,$55.31 ,$55.79 ,"$13,432,000.00 ",-1.378822698,$1.69 ,$56.98 
1/22/2021,$55.25 ,$55.47 ,$54.01 ,$54.31 ,"$19,570,500.00 ",-1.701357466,$1.46 ,$56.37 
1/25/2021,$54.50 ,$54.52 ,$49.65 ,$54.29 ,"$40,890,100.00 ",-0.385321101,$4.87 ,$55.64 
1/26/2021,$54.62 ,$55.52 ,$51.53 ,$51.92 ,"$25,677,000.00 ",-4.943244233,$3.99 ,$54.93 
1/27/2021,$49.97 ,$50.86 ,$47.15 ,$48.11 ,"$33,283,400.00 ",-3.72223334,$3.71 ,$53.87 
1/28/2021,$50.12 ,$52.52 ,$49.88 ,$51.58 ,"$28,114,700.00 ",2.913008779,$2.64 ,$53.20 
1/29/2021,$50.63 ,$51.49 ,$49.63 ,$50.93 ,"$18,743,200.00 ",0.592534071,$1.86 ,$52.42 
2/1/2021,$52.12 ,$52.90 ,$51.35 ,$52.76 ,"$15,570,900.00 ",1.227935533,$1.55 ,$51.99 
2/2/2021,$55.11 ,$58.03 ,$54.89 ,$56.46 ,"$30,286,800.00 ",2.449646162,$3.14 ,$52.29 
2/3/2021,$57.87 ,$58.13 ,$56.74 ,$57.12 ,"$13,519,000.00 ",-1.296008294,$1.39 ,$52.70 
2/4/2021,$56.45 ,$57.85 ,$56.11 ,$57.85 ,"$13,841,600.00 ",2.480070859,$1.74 ,$53.54 
2/5/2021,$58.16 ,$58.71 ,$57.37 ,$58.58 ,"$15,729,200.00 ",0.722145805,$1.34 ,$55.04 
2/8/2021,$59.70 ,$60.11 ,$58.69 ,$59.29 ,"$18,403,700.00 ",-0.686767169,$1.42 ,$56.14 
2/9/2021,$58.91 ,$61.06 ,$58.62 ,$59.61 ,"$23,510,700.00 ",1.188253268,$2.44 ,$57.38 
2/10/2021,$62.00 ,$63.50 ,$60.80 ,$63.18 ,"$36,972,900.00 ",1.903225806,$2.70 ,$58.87 
2/11/2021,$63.25 ,$64.05 ,$60.40 ,$60.71 ,"$41,363,400.00 ",-4.015810277,$3.65 ,$59.48 
2/12/2021,$60.12 ,$60.93 ,$59.31 ,$60.63 ,"$14,607,800.00 ",0.848303393,$1.62 ,$59.98 
2/16/2021,$61.02 ,$61.31 ,$59.84 ,$60.52 ,"$15,413,100.00 ",-0.819403474,$1.47 ,$60.36 
2/17/2021,$60.33 ,$60.95 ,$58.95 ,$60.81 ,"$12,670,000.00 ",0.795624068,$2.00 ,$60.68 
2/18/2021,$60.00 ,$60.29 ,$58.23 ,$59.00 ,"$15,135,600.00 ",-1.666666667,$2.06 ,$60.64 
2/19/2021,$58.36 ,$60.46 ,$58.11 ,$58.39 ,"$28,097,000.00 ",0.051405072,$2.35 ,$60.46 
2/22/2021,$57.76 ,$58.10 ,$54.82 ,$55.31 ,"$25,565,400.00 ",-4.241689751,$3.28 ,$59.34 
2/23/2021,$53.50 ,$56.37 ,$51.89 ,$56.00 ,"$23,947,500.00 ",4.672897196,$4.48 ,$58.67 
2/24/2021,$54.95 ,$55.15 ,$53.66 ,$53.91 ,"$24,627,000.00 ",-1.892629663,$1.49 ,$57.71 
2/25/2021,$54.58 ,$54.60 ,$50.86 ,$51.45 ,"$27,049,100.00 ",-5.734701356,$3.74 ,$56.41 
2/26/2021,$52.07 ,$52.75 ,$50.61 ,$51.75 ,"$16,349,800.00 ",-0.614557327,$2.14 ,$55.12 
3/1/2021,$53.67 ,$54.76 ,$53.30 ,$54.40 ,"$18,481,100.00 ",1.360163965,$1.46 ,$54.46 
3/2/2021,$55.54 ,$55.62 ,$54.19 ,$54.65 ,"$15,199,500.00 ",-1.602448686,$1.43 ,$53.92 
3/3/2021,$55.93 ,$57.80 ,$54.65 ,$56.11 ,"$28,485,400.00 ",0.32183086,$3.15 ,$54.04 
3/4/2021,$55.75 ,$57.16 ,$51.61 ,$53.07 ,"$27,409,600.00 ",-4.807174888,$5.55 ,$53.62 
3/5/2021,$54.28 ,$55.83 ,$50.81 ,$55.54 ,"$31,576,200.00 ",2.321296979,$5.02 ,$53.85 
3/8/2021,$55.50 ,$56.45 ,$52.89 ,$53.20 ,"$19,912,100.00 ",-4.144144144,$3.56 ,$54.10 
3/9/2021,$56.00 ,$56.15 ,$54.72 ,$55.25 ,"$17,192,900.00 ",-1.339285714,$1.43 ,$54.60 
3/10/2021,$57.21 ,$58.90 ,$56.27 ,$57.68 ,"$27,997,000.00 ",0.821534697,$2.63 ,$55.07 
3/11/2021,$58.80 ,$59.48 ,$58.22 ,$58.95 ,"$17,293,800.00 ",0.255102041,$1.26 ,$55.69 
3/12/2021,$58.97 ,$60.59 ,$57.62 ,$60.35 ,"$14,839,300.00 ",2.340172969,$2.97 ,$56.29 
3/15/2021,$60.35 ,$60.53 ,$59.12 ,$60.19 ,"$14,985,000.00 ",-0.265120133,$1.41 ,$57.31 
3/16/2021,$59.99 ,$61.02 ,$58.38 ,$58.85 ,"$12,885,700.00 ",-1.900316719,$2.64 ,$57.78 
3/17/2021,$57.07 ,$57.57 ,$55.54 ,$56.36 ,"$25,509,900.00 ",-1.24408621,$2.03 ,$58.23 
3/18/2021,$56.63 ,$57.48 ,$55.21 ,$55.69 ,"$15,737,000.00 ",-1.659897581,$2.27 ,$58.30 
3/19/2021,$55.48 ,$57.18 ,$54.34 ,$57.08 ,"$17,396,300.00 ",2.883922134,$2.84 ,$58.21 
3/22/2021,$57.25 ,$57.61 ,$55.47 ,$55.69 ,"$14,149,400.00 ",-2.72489083,$2.14 ,$57.74 
3/23/2021,$55.63 ,$55.63 ,$53.11 ,$53.49 ,"$14,513,500.00 ",-3.846845227,$2.52 ,$56.76 
3/24/2021,$54.46 ,$54.96 ,$52.54 ,$52.57 ,"$13,700,800.00 ",-3.470437018,$2.42 ,$55.68 
3/25/2021,$52.00 ,$54.28 ,$51.80 ,$53.89 ,"$13,210,700.00 ",3.634615385,$2.48 ,$54.97 
3/26/2021,$54.41 ,$55.25 ,$53.52 ,$54.71 ,"$13,528,200.00 ",0.551369234,$1.73 ,$54.73 
3/29/2021,$54.80 ,$54.80 ,$52.85 ,$53.35 ,"$9,724,800.00 ",-2.645985401,$1.95 ,$54.40 
3/30/2021,$52.99 ,$54.12 ,$52.64 ,$53.46 ,"$9,497,200.00 ",0.886959804,$1.48 ,$53.88 
3/31/2021,$53.96 ,$55.18 ,$53.58 ,$54.51 ,"$14,760,500.00 ",1.019273536,$1.60 ,$53.71 
4/1/2021,$55.61 ,$57.63 ,$54.81 ,$57.60 ,"$18,703,400.00 ",3.578493077,$2.82 ,$54.30 
4/5/2021,$58.10 ,$58.42 ,$56.64 ,$57.40 ,"$13,490,200.00 ",-1.204819277,$1.78 ,$54.99 
4/6/2021,$57.34 ,$58.99 ,$57.16 ,$58.05 ,"$13,579,200.00 ",1.238228113,$1.83 ,$55.58 
4/7/2021,$58.02 ,$58.13 ,$55.95 ,$56.89 ,"$12,921,900.00 ",-1.947604274,$2.18 ,$55.89 
4/8/2021,$56.65 ,$57.94 ,$56.54 ,$57.83 ,"$9,498,500.00 ",2.082965578,$1.40 ,$56.53 
4/9/2021,$57.32 ,$57.88 ,$56.40 ,$57.68 ,"$10,228,500.00 ",0.628053036,$1.48 ,$57.14 
4/12/2021,$59.05 ,$60.77 ,$58.75 ,$59.44 ,"$36,041,300.00 ",0.66045724,$2.02 ,$57.84 
4/13/2021,$59.65 ,$61.01 ,$58.53 ,$60.64 ,"$21,006,100.00 ",1.659681475,$2.48 ,$58.28 
4/14/2021,$60.11 ,$61.50 ,$59.18 ,$59.23 ,"$18,959,800.00 ",-1.463982698,$2.32 ,$58.54 
4/15/2021,$59.88 ,$61.09 ,$59.55 ,$60.74 ,"$17,500,200.00 ",1.436205745,$1.54 ,$58.92 
4/16/2021,$60.74 ,$60.85 ,$59.54 ,$60.35 ,"$11,856,100.00 ",-0.642081001,$1.31 ,$59.42 
4/19/2021,$60.00 ,$60.22 ,$57.52 ,$57.85 ,"$16,956,900.00 ",-3.583333333,$2.70 ,$59.42 
4/20/2021,$58.00 ,$58.12 ,$55.24 ,$55.48 ,"$19,081,100.00 ",-4.344827586,$2.88 ,$59.10 
4/21/2021,$55.00 ,$56.20 ,$54.61 ,$55.77 ,"$11,523,900.00 ",1.4,$1.59 ,$58.58 
4/22/2021,$55.85 ,$57.22 ,$55.19 ,$56.28 ,"$16,936,200.00 ",0.769919427,$2.03 ,$57.96 
4/23/2021,$56.56 ,$57.95 ,$56.39 ,$57.93 ,"$8,758,800.00 ",2.422206506,$1.56 ,$57.77 
4/26/2021,$58.05 ,$58.36 ,$57.33 ,$57.61 ,"$8,361,600.00 ",-0.75796727,$1.03 ,$57.32 
4/27/2021,$58.32 ,$58.40 ,$57.05 ,$57.16 ,"$12,926,800.00 ",-1.989026063,$1.35 ,$56.87 
4/28/2021,$56.88 ,$58.48 ,$56.66 ,$58.44 ,"$9,269,700.00 ",2.742616034,$1.82 ,$56.95 
4/29/2021,$59.00 ,$59.22 ,$53.11 ,$54.93 ,"$43,408,000.00 ",-6.898305085,$6.11 ,$56.87 
4/30/2021,$54.30 ,$55.65 ,$54.11 ,$54.77 ,"$16,736,600.00 ",0.865561694,$1.54 ,$56.73 
5/3/2021,$55.12 ,$56.13 ,$54.84 ,$54.85 ,"$13,903,300.00 ",-0.489840348,$1.29 ,$56.53 
5/4/2021,$54.52 ,$54.72 ,$52.01 ,$52.99 ,"$19,336,600.00 ",-2.806309611,$2.71 ,$55.82 
5/5/2021,$53.87 ,$54.07 ,$50.63 ,$51.18 ,"$43,970,500.00 ",-4.993502877,$3.44 ,$54.90 
5/6/2021,$48.39 ,$49.81 ,$45.72 ,$46.65 ,"$79,242,400.00 ",-3.595784253,$4.09 ,$53.40 
5/7/2021,$47.22 ,$48.60 ,$46.54 ,$47.03 ,"$27,933,900.00 ",-0.402371876,$2.06 ,$51.77 
5/10/2021,$47.71 ,$47.85 ,$45.60 ,$45.79 ,"$28,309,800.00 ",-4.024313561,$2.25 ,$50.47 
5/11/2021,$44.50 ,$46.79 ,$44.18 ,$46.21 ,"$29,106,900.00 ",3.842696629,$2.61 ,$49.24 
5/12/2021,$45.90 ,$46.11 ,$43.17 ,$43.81 ,"$32,117,400.00 ",-4.553376906,$2.94 ,$47.67 
5/13/2021,$44.99 ,$46.10 ,$43.56 ,$44.48 ,"$36,205,100.00 ",-1.133585241,$2.54 ,$46.45 
5/14/2021,$45.03 ,$47.71 ,$44.85 ,$47.42 ,"$25,323,300.00 ",5.307572729,$2.86 ,$45.91 
5/17/2021,$47.24 ,$47.94 ,$46.51 ,$47.51 ,"$17,475,300.00 ",0.571549534,$1.43 ,$46.04 
5/18/2021,$49.67 ,$50.29 ,$48.53 ,$49.17 ,"$28,244,400.00 ",-1.006643849,$1.76 ,$46.34 
5/19/2021,$47.53 ,$49.83 ,$47.37 ,$49.47 ,"$16,517,500.00 ",4.081632653,$2.46 ,$46.87 
5/20/2021,$49.57 ,$49.95 ,$48.76 ,$49.33 ,"$18,822,300.00 ",-0.484163809,$1.19 ,$47.31 
5/21/2021,$49.57 ,$49.95 ,$48.76 ,$48.82 ,"$20,013,200.00 ",-1.513011902,$1.19 ,$48.03 
5/24/2021,$49.33 ,$50.40 ,$48.85 ,$50.03 ,"$16,768,400.00 ",1.419014798,$1.55 ,$48.82 
5/25/2021,$50.74 ,$51.59 ,$50.44 ,$50.46 ,"$16,930,900.00 ",-0.551832873,$1.15 ,$49.26 
5/26/2021,$50.32 ,$51.36 ,$49.76 ,$51.12 ,"$16,393,700.00 ",1.589825119,$1.60 ,$49.77 
5/27/2021,$51.44 ,$51.69 ,$48.72 ,$50.71 ,"$51,346,000.00 ",-1.419129082,$2.97 ,$49.99 
5/28/2021,$50.67 ,$51.74 ,$50.47 ,$50.83 ,"$14,226,800.00 ",0.315768699,$1.27 ,$50.19 
6/1/2021,$51.62 ,$51.66 ,$49.84 ,$50.98 ,"$16,583,800.00 ",-1.239829523,$1.82 ,$50.42 
6/2/2021,$51.19 ,$51.41 ,$50.55 ,$50.79 ,"$13,484,200.00 ",-0.781402618,$0.86 ,$50.70 
6/3/2021,$50.43 ,$50.50 ,$48.53 ,$48.70 ,"$14,712,900.00 ",-3.43049772,$1.97 ,$50.51 
6/4/2021,$49.56 ,$50.22 ,$49.07 ,$50.18 ,"$10,409,800.00 ",1.251008878,$1.15 ,$50.47 
6/7/2021,$50.49 ,$51.22 ,$49.75 ,$50.76 ,"$16,466,200.00 ",0.534759358,$1.47 ,$50.42 
6/8/2021,$50.70 ,$51.40 ,$48.66 ,$49.88 ,"$19,672,700.00 ",-1.617357002,$2.74 ,$50.30 
6/9/2021,$50.00 ,$50.17 ,$49.11 ,$49.14 ,"$12,615,200.00 ",-1.72,$1.06 ,$50.06 
6/10/2021,$49.69 ,$49.90 ,$48.42 ,$49.55 ,"$14,926,500.00 ",-0.28174683,$1.48 ,$49.86 
6/11/2021,$50.03 ,$50.36 ,$49.54 ,$50.01 ,"$12,127,100.00 ",-0.039976014,$0.82 ,$49.75 
6/14/2021,$50.06 ,$51.49 ,$49.56 ,$50.77 ,"$15,437,300.00 ",1.418298042,$1.93 ,$50.04 
6/15/2021,$49.55 ,$49.96 ,$49.09 ,$49.30 ,"$20,358,600.00 ",-0.504540868,$0.87 ,$49.92 
6/16/2021,$49.35 ,$49.66 ,$48.29 ,$48.89 ,"$18,975,800.00 ",-0.932117528,$1.37 ,$49.65 
6/17/2021,$48.96 ,$49.83 ,$48.31 ,$49.70 ,"$18,911,400.00 ",1.511437908,$1.52 ,$49.62 
6/18/2021,$49.31 ,$50.39 ,$48.78 ,$49.70 ,"$20,633,500.00 ",0.790914622,$1.61 ,$49.70 
6/21/2021,$49.72 ,$49.86 ,$47.90 ,$48.12 ,"$30,752,200.00 ",-3.218020917,$1.96 ,$49.50 
6/22/2021,$48.30 ,$49.34 ,$47.75 ,$49.05 ,"$19,472,500.00 ",1.552795031,$1.59 ,$49.36 
6/23/2021,$49.06 ,$50.77 ,$49.01 ,$50.51 ,"$19,843,300.00 ",2.955564615,$1.76 ,$49.32 
6/24/2021,$51.30 ,$51.55 ,$50.22 ,$50.82 ,"$12,403,300.00 ",-0.935672515,$1.33 ,$49.54 
6/25/2021,$51.18 ,$51.83 ,$50.53 ,$51.73 ,"$25,727,800.00 ",1.074638531,$1.30 ,$49.95 
6/28/2021,$51.75 ,$52.36 ,$50.37 ,$51.11 ,"$22,518,000.00 ",-1.236714976,$1.99 ,$50.15 
6/29/2021,$51.00 ,$51.30 ,$50.24 ,$50.76 ,"$14,104,200.00 ",-0.470588235,$1.06 ,$50.30 
6/30/2021,$51.02 ,$51.13 ,$49.71 ,$50.12 ,"$18,069,400.00 ",-1.764014112,$1.42 ,$50.59 
7/1/2021,$50.88 ,$51.60 ,$50.02 ,$50.59 ,"$17,727,600.00 ",-0.569968553,$1.58 ,$50.81 
7/2/2021,$50.57 ,$51.83 ,$50.39 ,$51.71 ,"$13,690,400.00 ",2.254300969,$1.44 ,$50.98 
7/6/2021,$50.60 ,$52.03 ,$50.40 ,$50.80 ,"$21,357,800.00 ",0.395256917,$1.63 ,$50.97 
7/7/2021,$50.80 ,$51.03 ,$48.54 ,$48.68 ,"$24,559,500.00 ",-4.173228346,$2.49 ,$50.54 
7/8/2021,$47.16 ,$48.21 ,$46.57 ,$47.55 ,"$24,930,200.00 ",0.82697201,$1.64 ,$50.03 
7/9/2021,$47.84 ,$49.25 ,$47.71 ,$49.07 ,"$15,401,000.00 ",2.571070234,$1.54 ,$49.79 
7/12/2021,$48.87 ,$49.29 ,$48.09 ,$48.41 ,"$14,142,300.00 ",-0.941272764,$1.20 ,$49.54 
7/13/2021,$48.49 ,$48.59 ,$47.75 ,$48.08 ,"$11,283,600.00 ",-0.845535162,$0.84 ,$49.19 
7/14/2021,$48.28 ,$48.59 ,$47.11 ,$47.15 ,"$15,837,000.00 ",-2.34051367,$1.48 ,$48.53 
7/15/2021,$46.86 ,$47.46 ,$46.15 ,$46.42 ,"$17,225,300.00 ",-0.938967136,$1.31 ,$47.91 
7/16/2021,$46.40 ,$47.09 ,$46.01 ,$46.19 ,"$18,224,500.00 ",-0.452586207,$1.08 ,$47.55 
7/19/2021,$45.00 ,$45.75 ,$44.44 ,$45.56 ,"$20,890,600.00 ",1.244444444,$1.31 ,$47.27 
7/20/2021,$45.46 ,$46.66 ,$45.07 ,$46.32 ,"$13,851,400.00 ",1.891772987,$1.59 ,$46.88 
7/21/2021,$46.53 ,$47.94 ,$46.35 ,$47.52 ,"$14,953,700.00 ",2.127659574,$1.59 ,$46.75 
7/22/2021,$47.70 ,$48.17 ,$47.24 ,$47.57 ,"$11,560,800.00 ",-0.272536688,$0.93 ,$46.68 
7/23/2021,$47.61 ,$47.69 ,$46.78 ,$47.46 ,"$9,540,700.00 ",-0.315059861,$0.91 ,$46.72 
7/26/2021,$47.04 ,$47.60 ,$46.37 ,$46.81 ,"$12,498,000.00 ",-0.488945578,$1.23 ,$46.78 
7/27/2021,$46.54 ,$46.66 ,$44.76 ,$45.82 ,"$16,874,200.00 ",-1.547056296,$1.90 ,$46.72 
7/28/2021,$45.88 ,$46.96 ,$45.81 ,$46.14 ,"$19,510,300.00 ",0.566695728,$1.15 ,$46.81 
7/29/2021,$44.12 ,$45.21 ,$44.00 ,$44.69 ,"$51,033,700.00 ",1.291931097,$1.21 ,$46.57 
7/30/2021,$44.38 ,$44.73 ,$43.34 ,$43.46 ,"$22,194,900.00 ",-2.073005858,$1.39 ,$45.99 
8/2/2021,$44.10 ,$44.29 ,$43.45 ,$43.49 ,"$26,579,900.00 ",-1.383219955,$0.84 ,$45.41 
8/3/2021,$43.56 ,$43.68 ,$41.62 ,$42.79 ,"$37,622,200.00 ",-1.767676768,$2.06 ,$44.74 
8/4/2021,$42.70 ,$42.82 ,$41.37 ,$41.81 ,"$42,969,100.00 ",-2.084309133,$1.45 ,$44.03 
8/5/2021,$40.50 ,$44.65 ,$40.15 ,$43.07 ,"$60,871,500.00 ",6.345679012,$4.50 ,$43.64 
8/6/2021,$43.74 ,$44.94 ,$43.65 ,$44.28 ,"$25,514,900.00 ",1.234567901,$1.29 ,$43.37 
8/9/2021,$44.19 ,$44.27 ,$43.21 ,$43.25 ,"$19,238,400.00 ",-2.127178095,$1.06 ,$43.16 
8/10/2021,$43.70 ,$44.24 ,$43.25 ,$43.50 ,"$26,675,200.00 ",-0.457665904,$0.99 ,$43.17 
8/11/2021,$43.41 ,$43.50 ,$42.00 ,$43.08 ,"$21,766,100.00 ",-0.760193504,$1.50 ,$43.11 
8/12/2021,$42.86 ,$42.97 ,$42.18 ,$42.73 ,"$16,549,100.00 ",-0.303313112,$0.79 ,$43.10 
8/13/2021,$42.80 ,$43.03 ,$42.20 ,$42.22 ,"$8,598,800.00 ",-1.355140187,$0.83 ,$43.16 
8/16/2021,$41.76 ,$41.79 ,$40.86 ,$41.50 ,"$19,223,500.00 ",-0.622605364,$0.93 ,$42.94 
8/17/2021,$41.00 ,$41.48 ,$40.58 ,$41.00 ,"$20,364,400.00 ",0,$0.90 ,$42.47 
8/18/2021,$40.97 ,$41.53 ,$40.80 ,$40.88 ,"$13,682,300.00 ",-0.219672931,$0.73 ,$42.13 
8/19/2021,$40.28 ,$40.60 ,$39.51 ,$39.86 ,"$22,471,400.00 ",-1.042701092,$1.09 ,$41.61 
8/20/2021,$39.69 ,$40.08 ,$39.24 ,$39.95 ,"$18,080,700.00 ",0.655076846,$0.84 ,$41.16 
8/23/2021,$39.00 ,$41.08 ,$38.84 ,$41.00 ,"$33,901,300.00 ",5.128205128,$2.24 ,$40.92 
8/24/2021,$41.10 ,$41.21 ,$39.97 ,$40.17 ,"$44,872,800.00 ",-2.262773723,$1.24 ,$40.62 
8/25/2021,$40.44 ,$42.11 ,$40.04 ,$41.55 ,"$26,498,400.00 ",2.744807122,$2.07 ,$40.63 
8/26/2021,$41.49 ,$41.94 ,$40.54 ,$40.62 ,"$17,473,400.00 ",-2.096890817,$1.40 ,$40.58 
8/27/2021,$40.53 ,$41.31 ,$40.50 ,$40.69 ,"$13,612,500.00 ",0.394769307,$0.81 ,$40.55 
8/30/2021,$40.58 ,$40.74 ,$39.11 ,$39.59 ,"$29,516,300.00 ",-2.439625431,$1.63 ,$40.51 
8/31/2021,$39.81 ,$40.28 ,$39.13 ,$39.14 ,"$26,396,000.00 ",-1.682994223,$1.15 ,$40.39 
9/1/2021,$39.98 ,$41.67 ,$39.87 ,$40.62 ,"$27,788,600.00 ",1.6008004,$1.80 ,$40.34 
9/2/2021,$40.75 ,$41.86 ,$40.54 ,$41.40 ,"$20,645,400.00 ",1.595092025,$1.32 ,$40.52 
9/3/2021,$41.22 ,$41.58 ,$40.23 ,$40.32 ,"$15,444,900.00 ",-2.183406114,$1.35 ,$40.34 
9/7/2021,$40.49 ,$41.08 ,$40.31 ,$40.95 ,"$15,708,600.00 ",1.136082983,$0.77 ,$40.39 
9/8/2021,$40.85 ,$41.34 ,$39.83 ,$40.07 ,"$16,219,900.00 ",-1.909424725,$1.51 ,$40.30 
9/9/2021,$40.10 ,$40.95 ,$39.84 ,$40.35 ,"$14,260,300.00 ",0.623441397,$1.11 ,$40.41 
9/10/2021,$40.62 ,$40.83 ,$39.87 ,$39.89 ,"$14,230,600.00 ",-1.797144264,$0.96 ,$40.51 
9/13/2021,$40.26 ,$41.19 ,$39.26 ,$40.07 ,"$28,868,800.00 ",-0.471932439,$1.93 ,$40.44 
9/14/2021,$39.90 ,$40.10 ,$38.55 ,$39.01 ,"$36,717,300.00 ",-2.230576441,$1.55 ,$40.09 
9/15/2021,$39.00 ,$39.00 ,$38.08 ,$38.48 ,"$30,368,800.00 ",-1.333333333,$0.92 ,$39.83 
9/16/2021,$38.30 ,$39.67 ,$38.09 ,$39.52 ,"$25,374,000.00 ",3.18537859,$1.58 ,$39.63 
9/17/2021,$39.90 ,$40.22 ,$39.29 ,$39.75 ,"$32,165,000.00 ",-0.37593985,$0.93 ,$39.58 
9/20/2021,$38.88 ,$40.22 ,$38.73 ,$39.79 ,"$35,417,600.00 ",2.340534979,$1.49 ,$39.50 
9/21/2021,$42.34 ,$45.00 ,$42.18 ,$44.36 ,"$106,631,700.00 ",4.77090222,$2.82 ,$40.14 
9/22/2021,$44.90 ,$46.62 ,$44.61 ,$44.87 ,"$56,455,100.00 ",-0.066815145,$2.01 ,$40.83 
9/23/2021,$45.35 ,$45.84 ,$44.71 ,$45.48 ,"$26,232,800.00 ",0.286659316,$1.13 ,$41.75 
9/24/2021,$45.46 ,$47.04 ,$45.29 ,$46.63 ,"$29,458,300.00 ",2.573691157,$1.75 ,$42.91 
9/27/2021,$46.77 ,$47.43 ,$46.19 ,$47.25 ,"$23,034,800.00 ",1.02629891,$1.24 ,$44.02 
9/28/2021,$46.70 ,$47.00 ,$45.76 ,$45.98 ,"$23,707,900.00 ",-1.541755889,$1.24 ,$44.91 
9/29/2021,$46.00 ,$46.53 ,$44.30 ,$44.52 ,"$24,599,500.00 ",-3.217391304,$2.23 ,$45.58 
9/30/2021,$44.71 ,$45.37 ,$43.86 ,$44.80 ,"$16,650,600.00 ",0.201297249,$1.51 ,$45.65 
10/1/2021,$45.92 ,$47.25 ,$45.79 ,$47.05 ,"$25,428,300.00 ",2.460801394,$1.46 ,$45.96 
10/4/2021,$46.47 ,$46.83 ,$45.20 ,$45.72 ,"$21,588,200.00 ",-1.61394448,$1.63 ,$45.99 
10/5/2021,$45.91 ,$46.08 ,$45.35 ,$45.61 ,"$12,433,900.00 ",-0.653452407,$0.73 ,$45.85 
10/6/2021,$45.33 ,$47.18 ,$45.00 ,$47.01 ,"$24,868,700.00 ",3.706154864,$2.18 ,$45.81 
10/7/2021,$47.64 ,$48.24 ,$46.89 ,$47.91 ,"$25,961,600.00 ",0.56675063,$1.35 ,$46.09 
10/8/2021,$48.08 ,$48.88 ,$47.61 ,$47.77 ,"$17,980,400.00 ",-0.644758735,$1.27 ,$46.55 
10/11/2021,$47.70 ,$47.87 ,$46.28 ,$46.29 ,"$16,336,800.00 ",-2.955974843,$1.59 ,$46.77 
10/12/2021,$46.33 ,$47.05 ,$46.15 ,$46.72 ,"$12,404,200.00 ",0.841787179,$0.90 ,$46.72 
10/13/2021,$46.26 ,$47.00 ,$45.94 ,$46.41 ,"$13,754,400.00 ",0.324254215,$1.06 ,$46.82 
10/14/2021,$46.98 ,$47.94 ,$46.84 ,$47.28 ,"$18,514,000.00 ",0.638569604,$1.10 ,$47.06 
10/15/2021,$47.91 ,$48.84 ,$47.34 ,$48.36 ,"$20,581,700.00 ",0.939261115,$1.50 ,$47.25 
10/18/2021,$47.68 ,$47.95 ,$46.75 ,$47.07 ,"$19,806,700.00 ",-1.279362416,$1.20 ,$47.13 
10/19/2021,$47.20 ,$47.69 ,$46.74 ,$47.05 ,"$16,500,200.00 ",-0.31779661,$0.95 ,$47.03 
10/20/2021,$47.15 ,$47.54 ,$45.93 ,$46.00 ,"$15,570,900.00 ",-2.43902439,$1.61 ,$46.98 
10/21/2021,$45.97 ,$47.54 ,$45.52 ,$46.47 ,"$15,741,000.00 ",1.087665869,$2.02 ,$46.95 
10/22/2021,$46.00 ,$46.50 ,$45.23 ,$45.51 ,"$19,259,200.00 ",-1.065217391,$1.27 ,$46.82 
10/25/2021,$45.67 ,$46.07 ,$45.02 ,$45.72 ,"$12,955,500.00 ",0.10948106,$1.05 ,$46.60 
10/26/2021,$46.28 ,$47.69 ,$45.86 ,$46.02 ,"$19,491,800.00 ",-0.561797753,$1.83 ,$46.26 
10/27/2021,$46.47 ,$46.55 ,$44.17 ,$44.73 ,"$26,999,800.00 ",-3.744351194,$2.38 ,$45.93 
10/28/2021,$45.00 ,$45.41 ,$44.38 ,$44.62 ,"$14,768,800.00 ",-0.844444444,$1.03 ,$45.58 
10/29/2021,$44.49 ,$44.80 ,$43.57 ,$43.82 ,"$18,283,200.00 ",-1.505956395,$1.23 ,$45.27 
11/1/2021,$44.07 ,$45.03 ,$43.65 ,$44.36 ,"$20,983,900.00 ",0.658044021,$1.38 ,$44.97 
11/2/2021,$44.34 ,$44.35 ,$42.33 ,$42.89 ,"$28,002,600.00 ",-3.270184935,$2.02 ,$44.59 
11/3/2021,$45.33 ,$46.26 ,$44.71 ,$45.72 ,"$38,499,600.00 ",0.860357379,$1.55 ,$44.59 
11/4/2021,$45.54 ,$46.53 ,$44.99 ,$45.27 ,"$31,903,000.00 ",-0.592885375,$1.54 ,$44.49 
11/5/2021,$47.50 ,$48.74 ,$46.61 ,$47.19 ,"$45,641,500.00 ",-0.652631579,$2.13 ,$44.84 
11/8/2021,$47.08 ,$47.65 ,$45.82 ,$45.89 ,"$25,257,900.00 ",-2.527612574,$1.83 ,$45.02 
11/9/2021,$45.91 ,$45.98 ,$43.68 ,$45.51 ,"$33,588,900.00 ",-0.871269876,$2.30 ,$45.26 
11/10/2021,$44.90 ,$45.25 ,$42.60 ,$43.38 ,"$33,712,200.00 ",-3.385300668,$2.65 ,$45.12 
11/11/2021,$43.32 ,$43.72 ,$42.44 ,$43.28 ,"$27,307,800.00 ",-0.092336103,$1.28 ,$45.18 
11/12/2021,$43.57 ,$45.13 ,$43.57 ,$45.12 ,"$29,804,600.00 ",3.557493688,$1.56 ,$45.09 
11/15/2021,$45.11 ,$45.26 ,$43.56 ,$43.61 ,"$19,690,000.00 ",-3.325205054,$1.70 ,$44.85 
11/16/2021,$45.54 ,$46.66 ,$44.86 ,$45.76 ,"$46,219,700.00 ",0.483091787,$1.80 ,$44.65 
11/17/2021,$45.36 ,$45.64 ,$43.90 ,$44.11 ,"$25,036,400.00 ",-2.755731922,$1.74 ,$44.40 
11/18/2021,$44.53 ,$45.33 ,$43.58 ,$45.00 ,"$27,839,900.00 ",1.055468224,$1.75 ,$44.32 
11/19/2021,$43.93 ,$44.72 ,$43.50 ,$44.23 ,"$21,465,500.00 ",0.682904621,$1.22 ,$44.44 
11/22/2021,$43.96 ,$44.40 ,$41.81 ,$42.60 ,"$31,355,200.00 ",-3.093721565,$2.59 ,$44.35 
11/23/2021,$42.38 ,$43.14 ,$41.60 ,$42.68 ,"$18,099,400.00 ",0.707881076,$1.54 ,$44.00 
11/24/2021,$42.00 ,$42.37 ,$41.24 ,$42.08 ,"$17,118,200.00 ",0.19047619,$1.13 ,$43.78 
11/26/2021,$39.61 ,$40.62 ,$38.77 ,$40.52 ,"$35,453,600.00 ",2.297399647,$1.85 ,$43.03 
11/29/2021,$41.06 ,$41.25 ,$38.78 ,$39.70 ,"$27,724,400.00 ",-3.312226011,$2.47 ,$42.40 
11/30/2021,$39.25 ,$39.95 ,$37.04 ,$38.00 ,"$55,268,500.00 ",-3.184713376,$2.91 ,$41.40 
12/1/2021,$39.45 ,$39.50 ,$35.80 ,$36.02 ,"$47,316,400.00 ",-8.694550063,$3.70 ,$40.23 
12/2/2021,$36.55 ,$38.40 ,$36.45 ,$38.12 ,"$32,267,000.00 ",4.295485636,$1.95 ,$39.59 
12/3/2021,$37.42 ,$37.84 ,$35.26 ,$35.85 ,"$47,392,700.00 ",-4.195617317,$2.58 ,$38.61 
12/6/2021,$35.95 ,$38.69 ,$35.44 ,$38.49 ,"$36,689,200.00 ",7.065368567,$3.25 ,$38.10 
12/7/2021,$39.40 ,$40.22 ,$37.76 ,$38.08 ,"$40,443,300.00 ",-3.350253807,$2.46 ,$37.75 
12/8/2021,$38.30 ,$39.41 ,$38.01 ,$38.81 ,"$29,688,600.00 ",1.331592689,$1.40 ,$37.62 
12/9/2021,$38.44 ,$38.70 ,$37.47 ,$37.54 ,"$22,994,800.00 ",-2.341311134,$1.23 ,$37.56 
12/10/2021,$37.41 ,$37.87 ,$36.61 ,$36.67 ,"$25,760,600.00 ",-1.978080727,$1.26 ,$37.65 
12/13/2021,$36.18 ,$36.31 ,$34.88 ,$35.73 ,"$38,394,700.00 ",-1.243781095,$1.43 ,$37.31 
12/14/2021,$35.25 ,$38.45 ,$35.21 ,$37.26 ,"$45,491,700.00 ",5.70212766,$3.24 ,$37.51 
12/15/2021,$36.91 ,$38.38 ,$36.24 ,$37.83 ,"$37,612,600.00 ",2.492549445,$2.14 ,$37.42 
12/16/2021,$38.25 ,$38.58 ,$37.13 ,$37.70 ,"$31,478,400.00 ",-1.437908497,$1.45 ,$37.36 
12/17/2021,$37.20 ,$40.00 ,$36.74 ,$39.68 ,"$51,048,100.00 ",6.666666667,$3.26 ,$37.49 
12/20/2021,$38.45 ,$40.15 ,$38.08 ,$39.70 ,"$28,153,700.00 ",3.250975293,$2.07 ,$37.80 
12/21/2021,$39.82 ,$42.08 ,$39.82 ,$41.97 ,"$28,385,200.00 ",5.399296836,$2.26 ,$38.55 
12/22/2021,$41.95 ,$43.23 ,$41.45 ,$43.02 ,"$27,675,700.00 ",2.550655542,$1.78 ,$39.59 
12/23/2021,$43.03 ,$44.35 ,$42.76 ,$43.91 ,"$21,763,400.00 ",2.045084825,$1.59 ,$40.54 
12/27/2021,$43.44 ,$44.24 ,$42.82 ,$42.96 ,"$28,285,000.00 ",-1.104972376,$1.42 ,$41.28 
12/28/2021,$42.60 ,$43.74 ,$42.30 ,$42.54 ,"$21,481,000.00 ",-0.14084507,$1.44 ,$41.97 
12/29/2021,$42.72 ,$42.93 ,$41.81 ,$42.46 ,"$15,908,600.00 ",-0.608614232,$1.12 ,$42.37 
12/30/2021,$42.29 ,$43.34 ,$42.20 ,$42.66 ,"$13,516,300.00 ",0.874911327,$1.14 ,$42.79 
12/31/2021,$42.53 ,$43.12 ,$41.93 ,$41.93 ,"$13,746,900.00 ",-1.410768869,$1.19 ,$42.78 
1/3/2022,$42.48 ,$44.40 ,$41.89 ,$43.95 ,"$26,089,000.00 ",3.460451977,$2.51 ,$42.92 
1/4/2022,$44.23 ,$44.80 ,$42.58 ,$44.42 ,"$30,845,300.00 ",0.429572688,$2.22 ,$42.99 
1/5/2022,$44.29 ,$45.90 ,$42.86 ,$43.24 ,"$28,498,700.00 ",-2.370738316,$3.04 ,$43.03 
1/6/2022,$43.11 ,$44.08 ,$40.97 ,$42.03 ,"$32,434,300.00 ",-2.505219207,$3.11 ,$42.96 
1/7/2022,$42.00 ,$42.65 ,$41.20 ,$41.51 ,"$24,875,800.00 ",-1.166666667,$1.45 ,$42.82 
1/10/2022,$41.48 ,$42.81 ,$40.16 ,$42.60 ,"$29,783,800.00 ",2.700096432,$2.65 ,$42.81 
1/11/2022,$42.36 ,$44.17 ,$42.19 ,$43.62 ,"$22,161,000.00 ",2.974504249,$1.98 ,$43.05 
1/12/2022,$43.99 ,$44.10 ,$42.54 ,$43.04 ,"$18,993,900.00 ",-2.159581723,$1.56 ,$42.92 
1/13/2022,$43.34 ,$43.92 ,$42.72 ,$42.87 ,"$17,190,100.00 ",-1.084448546,$1.20 ,$42.70 
1/14/2022,$42.40 ,$42.72 ,$40.36 ,$41.51 ,"$25,817,800.00 ",-2.099056604,$2.36 ,$42.45 
1/18/2022,$40.96 ,$40.96 ,$38.37 ,$38.41 ,"$36,873,700.00 ",-6.225585938,$2.59 ,$41.94 
1/19/2022,$38.21 ,$38.89 ,$37.12 ,$37.86 ,"$35,552,500.00 ",-0.915990578,$1.77 ,$41.42 
1/20/2022,$38.29 ,$39.64 ,$37.75 ,$37.82 ,"$21,720,100.00 ",-1.227474536,$1.89 ,$40.73 
1/21/2022,$37.41 ,$37.60 ,$35.85 ,$35.94 ,"$41,836,800.00 ",-3.929430634,$1.75 ,$39.64 
1/24/2022,$34.91 ,$36.42 ,$33.51 ,$36.28 ,"$49,261,600.00 ",3.924376969,$2.91 ,$38.67 
1/25/2022,$35.47 ,$36.09 ,$34.51 ,$34.82 ,"$29,577,000.00 ",-1.832534536,$1.58 ,$37.52 
1/26/2022,$36.07 ,$36.68 ,$34.45 ,$34.80 ,"$29,495,900.00 ",-3.520931522,$2.23 ,$36.56 
1/27/2022,$35.37 ,$35.79 ,$33.94 ,$34.09 ,"$26,086,700.00 ",-3.618886062,$1.85 ,$35.94 
1/28/2022,$34.17 ,$35.22 ,$32.81 ,$35.21 ,"$28,007,100.00 ",3.043605502,$2.41 ,$35.57 
1/31/2022,$35.34 ,$37.54 ,$35.30 ,$37.40 ,"$22,899,300.00 ",5.829088851,$2.24 ,$35.51 
2/1/2022,$37.63 ,$38.71 ,$37.20 ,$38.61 ,"$19,669,900.00 ",2.604305076,$1.51 ,$35.89 
2/2/2022,$38.53 ,$38.62 ,$37.03 ,$37.17 ,"$19,591,100.00 ",-3.529717104,$1.59 ,$36.01 
2/3/2022,$36.08 ,$36.74 ,$34.30 ,$34.54 ,"$32,192,100.00 ",-4.268292683,$2.44 ,$35.97 
2/4/2022,$35.00 ,$37.36 ,$34.36 ,$37.05 ,"$33,082,100.00 ",5.857142857,$3.00 ,$36.30 
2/7/2022,$36.99 ,$39.05 ,$36.99 ,$37.54 ,"$30,303,200.00 ",1.486888348,$2.06 ,$36.79 
2/8/2022,$37.25 ,$38.57 ,$36.95 ,$38.34 ,"$25,857,600.00 ",2.926174497,$1.62 ,$37.24 
2/9/2022,$38.81 ,$40.40 ,$38.16 ,$40.19 ,"$52,614,100.00 ",3.555784592,$2.24 ,$37.63 
2/10/2022,$41.00 ,$42.56 ,$37.35 ,$37.75 ,"$113,915,000.00 ",-7.926829268,$5.21 ,$37.51 
2/11/2022,$37.96 ,$38.65 ,$34.48 ,$35.29 ,"$72,568,400.00 ",-7.033719705,$4.17 ,$37.24 
2/14/2022,$35.20 ,$35.99 ,$34.32 ,$34.59 ,"$44,556,700.00 ",-1.732954545,$1.67 ,$37.25 
2/15/2022,$35.44 ,$37.21 ,$35.11 ,$37.09 ,"$38,183,500.00 ",4.655756208,$2.10 ,$37.26 
2/16/2022,$36.63 ,$37.39 ,$36.27 ,$36.58 ,"$33,165,900.00 ",-0.136500137,$1.12 ,$37.12 
2/17/2022,$36.13 ,$37.43 ,$35.41 ,$35.71 ,"$28,432,100.00 ",-1.162468862,$2.02 ,$36.74 
2/18/2022,$35.52 ,$36.33 ,$34.67 ,$34.68 ,"$28,199,900.00 ",-2.364864865,$1.66 ,$35.96 
2/22/2022,$34.21 ,$35.10 ,$33.28 ,$33.68 ,"$28,731,300.00 ",-1.549254604,$1.82 ,$35.37 
2/23/2022,$33.89 ,$34.21 ,$32.30 ,$32.39 ,"$27,254,800.00 ",-4.426084391,$1.91 ,$34.96 
2/24/2022,$29.97 ,$34.95 ,$29.71 ,$34.87 ,"$42,978,100.00 ",16.34968302,$5.24 ,$35.00 
2/25/2022,$34.84 ,$35.27 ,$34.01 ,$34.98 ,"$23,691,500.00 ",0.401836969,$1.26 ,$34.70 
2/28/2022,$35.26 ,$36.31 ,$34.99 ,$36.03 ,"$44,865,200.00 ",2.183777652,$1.32 ,$34.62 
3/1/2022,$35.45 ,$35.60 ,$33.65 ,$33.89 ,"$31,436,200.00 ",-4.400564175,$1.95 ,$34.36 
3/2/2022,$34.00 ,$34.22 ,$32.97 ,$34.04 ,"$26,112,500.00 ",0.117647059,$1.25 ,$34.27 
3/3/2022,$34.22 ,$34.29 ,$31.42 ,$31.72 ,"$38,337,600.00 ",-7.305669199,$2.87 ,$33.99 
3/4/2022,$31.50 ,$31.73 ,$29.27 ,$29.83 ,"$52,098,700.00 ",-5.301587302,$2.46 ,$33.62 
3/7/2022,$31.48 ,$31.94 ,$28.55 ,$28.57 ,"$60,265,800.00 ",-9.243964422,$3.39 ,$32.72 
3/8/2022,$28.51 ,$31.57 ,$28.28 ,$30.74 ,"$55,014,700.00 ",7.821816906,$3.29 ,$32.12 
3/9/2022,$31.75 ,$32.73 ,$31.20 ,$31.50 ,"$33,734,500.00 ",-0.787401575,$1.53 ,$31.47 
3/10/2022,$30.86 ,$31.15 ,$29.84 ,$30.41 ,"$30,785,900.00 ",-1.458198315,$1.31 ,$30.97 
3/11/2022,$31.30 ,$31.39 ,$30.42 ,$30.76 ,"$29,422,600.00 ",-1.725239617,$0.97 ,$30.50 
3/14/2022,$30.51 ,$30.55 ,$28.80 ,$29.27 ,"$41,897,400.00 ",-4.064241232,$1.75 ,$30.15 
3/15/2022,$29.52 ,$30.41 ,$29.06 ,$29.80 ,"$33,060,500.00 ",0.948509485,$1.35 ,$30.15 
3/16/2022,$30.53 ,$32.63 ,$30.27 ,$32.61 ,"$34,688,800.00 ",6.812970848,$2.36 ,$30.73 
3/17/2022,$32.34 ,$32.92 ,$31.57 ,$32.85 ,"$27,278,600.00 ",1.576994434,$1.35 ,$31.03 
3/18/2022,$32.52 ,$33.42 ,$32.33 ,$33.36 ,"$35,779,700.00 ",2.58302583,$1.09 ,$31.29 
3/21/2022,$32.82 ,$32.82 ,$31.25 ,$31.98 ,"$35,200,600.00 ",-2.559414991,$1.57 ,$31.52 
3/22/2022,$31.93 ,$33.60 ,$31.84 ,$33.35 ,"$21,852,800.00 ",4.447228312,$1.76 ,$31.89 
3/23/2022,$32.71 ,$33.68 ,$32.57 ,$33.06 ,"$19,024,700.00 ",1.070009172,$1.11 ,$32.43 
3/24/2022,$34.74 ,$34.95 ,$33.44 ,$34.70 ,"$52,492,200.00 ",-0.115141048,$1.51 ,$33.13 
